indice_linha_testset,pergunta,contextos_de_referencia,resposta_de_referencia,nome_da_persona,estilo_da_pergunta,comprimento_da_pergunta,tipo_de_sintetizador,identificador_tecnico_do_sintetizador,personas_geradas_na_execucao,fontes_dos_contextos_de_referencia,afirmacao,VEREDITO,resposta_do_bot,veredito_esperado,veredito_do_bot,acerto_do_veredito,fontes_citadas,contextos_recuperados,fidelidade_ao_contexto,cobertura_do_contexto,precisao_do_contexto,correcao_da_resposta
0,Qual é a sigla do Laboratório de Pesquisa e Inovação Darcy Ribeiro?,"[""Título: UnB Notícias - Evento abre semestre da UAB e agenda do Laboratório de Pesquisa e Inovação Darcy Ribeiro\n\nA Universidade de Brasília (UnB) iniciou, na quarta-feira (19), o segundo semestre de 2026 dos cursos ofertados pelo Sistema Universidade Aberta do Brasil (UAB). A programação também abriu a agenda do Laboratório de Pesquisa e Inovação Darcy Ribeiro (Lapidar), no Centro de Educação a Distância e Tecnologias Educacionais (Cead/UnB).\n Com o tema Inovações Tecnológicas e a Educação, o encontro reuniu docentes, estudantes, gestores e equipes técnicas para discutir educação a distância, aprendizagem digital e os desafios relacionados ao uso de novas tecnologias no ensino. A programação contou com palestra do professor Carlos Portela sobre o uso de inteligência artificial generativa na graduação.\n""]",O Laboratório de Pesquisa e Inovação Darcy Ribeiro (Lapidar) foi mencionado no texto.,Ana Maria,gramática informal,longa,pergunta específica de etapa única,single_hop_specific_query_synthesizer,"[{""nome"": ""Coordenador de Pós-Graduação"", ""descricao_do_papel"": ""Responsável por atualizar dados no Plataforma Sucupira e coordenar a atualização dos dados pessoais e identificadores dos pós-graduandos.""}, {""nome"": ""Ana Maria"", ""descricao_do_papel"": ""Professora da Universidade de Brasília (UnB) envolvida em projetos de inovação e educação a distância, interessada em tecnologias que podem melhorar o ensino remoto.""}, {""nome"": ""Estudante Universitário"", ""descricao_do_papel"": ""Busca informações sobre estágios, bolsas de estudo e oportunidades na UnB para melhorar sua experiência acadêmica e profissional.""}]","[{""contexto"": ""Título: UnB Notícias - Evento abre semestre da UAB e agenda do Laboratório de Pesquisa e Inovação Darcy Ribeiro"", ""fontes"": []}]",Lapidar é a sigla do Laboratório de Pesquisa e Inovação Darcy Ribeiro.,VERDADEIRO,"Veredito: CONFIRMADO_OFICIALMENTE
Justificativa: A evidência confirma explicitamente que o Laboratório de Pesquisa e Inovação Darcy Ribeiro é referido pela sigla Lapidar [3].
Confiança: 0.95
Fontes: UnB Notícias - Evento abre semestre da UAB e agenda do Laboratório de Pesquisa e Inovação Darcy Ribeiro (noticias.unb.br) https://noticias.unb.br/ensino/8715-evento-abre-semestre-da-uab-e-agenda-do-laboratorio-de-pesquisa-e-inovacao-darcy-ribeiro",CONFIRMADO_OFICIALMENTE,CONFIRMADO_OFICIALMENTE,True,"[{""title"": ""UnB Notícias - Evento abre semestre da UAB e agenda do Laboratório de Pesquisa e Inovação Darcy Ribeiro"", ""url"": ""https://noticias.unb.br/ensino/8715-evento-abre-semestre-da-uab-e-agenda-do-laboratorio-de-pesquisa-e-inovacao-darcy-ribeiro"", ""source"": ""noticias.unb.br""}]","[""investigações em áreas como comunicação quântica, computação quântica, metrologia de alta precisão e estudos fundamentais em física\"", explica o professor Roncaratti. Localizada na ala norte do Instituto Central de Ciências (ICC), no campus Darcy Ribeiro, a infraestrutura também amplia as possibilidades de formação prática para estudantes de graduação e pós-graduação. Com a implantação do laboratório, a Universidade de Brasília fortalece sua atuação em uma das áreas mais promissoras da ciência contemporânea e contribui para consolidar o Distrito Federal como um polo emergente no cenário nacional das tecnologias quânticas.."", ""campus Darcy Ribeiro, Asa Norte. É gerenciado pela Fundação Darcy Ribeiro e ligada Diretoria de Difusão Cultural (DDC) do DEX. Além do acervo próprio, sedia eventos de extensão, contando com auditório e salas de aula. Projetada por Oscar Niemeyer, a Casa Niemeyer está localizada no Setor de Mansões Park Way. Declarada sítio de interesse histórico, abriga exposições e residências artísticas nacionais e internacionais, além de atividades culturais. A mais recente Casa Universitária de Cultura da UnB é o Espaço da Memória da UnB, o MemoUnB. Localizado no SG-10 (campus Darcy Ribeiro, Asa Norte), edifício projetado pelo arquiteto Oscar Niemeyer que serviu como sede do Centro de Planejamento (Ceplan) da UnB. Dedica-se à preservação da memória material e imaterial da UnB. MUSA – Pensando na integração desses espaços, a UnB trabalha na implementação da Rede de Museus e Acervos da UnB, a Rede Musa. \""A rede pretende articular os museus e espaços de acervo e memória da UnB\"", explica Gregório Soares. A iniciativa visa promover uma atuação integrada e cooperativa do patrimônio cultural e científico da Universidade. Dentre os feitos da Rede Musa, destacam-se a criação de instâncias de diálogo entre as equipes, o compartilhamento de diagnósticos e a construção de diretrizes comuns, com possibilidades de financiamento para infraestrutura, preservação e pesquisa. SERVIÇO – A CAL funciona de segunda a sexta, das 8h às 19h, e sábados, das 8h às 12h, exceto feriados. O Memorial Darcy Ribeiro funciona de segunda a sexta, das 8h às 19h, e sábados, das 8h às 12h. A Casa Niemeyer funciona de terça a domingo, das 9h às 19h, exceto feriados. A MemoUnB funciona segunda a sexta, das 8h às 19h, e sábados, das 8h às 12h.."", ""A Universidade de Brasília (UnB) iniciou, na quarta-feira (19), o segundo semestre de 2026 dos cursos ofertados pelo Sistema Universidade Aberta do Brasil (UAB). A programação também abriu a agenda do Laboratório de Pesquisa e Inovação Darcy Ribeiro (Lapidar), no Centro de Educação a Distância e Tecnologias Educacionais (Cead/UnB). Com o tema Inovações Tecnológicas e a Educação, o encontro reuniu docentes, estudantes, gestores e equipes técnicas para discutir educação a distância, aprendizagem digital e os desafios relacionados ao uso de novas tecnologias no ensino. A programação contou com palestra do professor Carlos Portela sobre o uso de inteligência artificial generativa na graduação. O Lapidar é um espaço de colaboração interdisciplinar voltado à pesquisa, à produção de conhecimento e ao desenvolvimento de soluções educacionais. A estruturação do laboratório contou com a participação de especialistas do Cead e resultou na elaboração de um Projeto Pedagógico e de um Regimento. A equipe também desenvolveu o site institucional e o sistema de agendamento das atividades. Segundo a diretora do Cead e coordenadora-geral da UAB na UnB, Alice Melo Ribeiro, a estrutura do laboratório reúne uma dimensão física e outra relacionada à produção de conhecimento e à organização das atividades. Ela comentou que a preparação do evento envolveu \""trabalho coletivo, planejamento, diálogo, articulação, pesquisa, organização e colaboração de diferentes pessoas e áreas”. O Lapidar terá agenda própria. As solicitações de atividades serão feitas por formulário e analisadas por uma equipe especializada. O grupo está registrado como grupo de pesquisa no Conselho Nacional de Desenvolvimento Científico e Tecnológico (CNPq) e no Decanato de Pesquisa e Inovação (DPI) da UnB. TECNOLOGIA – A programação também colocou a inteligência artificial no centro da discussão sobre os caminhos da educação. O vice-reitor Márcio Muniz afirmou que a educação a distância exige novas metodologias e formas de interação entre professores e estudantes. “À distância não é simplesmente reproduzir na tela aquilo que a gente faz presencialmente. Exige o uso de novas metodologias, novas formas de interação entre o professor e o aluno e a aplicação de novos conhecimentos e tecnologias”, defendeu. Para o vice-reitor, a discussão sobre inovação tecnológica precisa considerar a finalidade de seu uso na educação. “Se for para ampliar o acesso, incluir as pessoas que historicamente ficaram à margem da universidade e formar melhor os nossos alunos, a tecnologia deixa de ser apenas uma novidade e passa a ser uma inovação de fato”, disse."", ""Rodrigo Carregaro, envolve o desenvolvimento de um novo aplicativo para celular para o manejo de pessoas com dor lombar. “Estamos com o ensaio clínico em andamento, no qual investigaremos a relação de custo-efetividade para analisar a viabilidade econômica do app, uma área em que eles têm expertise”, conta o docente. O projeto é desenvolvido com os professores Judith Bosmans, Johanna van Dongen, Angela Ben e Raymond Ostelo. A parceria envolve também a formação discente. Uma estudante do PPG em Educação Física cursa o doutorado-sanduíche nos Países Baixos, sob orientação de Carregaro e coorientação da professora Aline Toledo. Por meio de indicadores de saúde, ela analisa a qualidade da rede brasileira de cuidado pré-natal e neonatal. Segundo os pesquisadores, o estudo pode ajudar no diagnóstico nacional e subsidiar o Ministério da Saúde no estabelecimento de metas e distribuição de recursos na atenção à saúde materna e infantil de forma mais resolutiva..""]",0.0,0.5,0.4166666666458333,0.38771298020212674
1,O que é Cead e qual seu papel na UnB?,"[""O Lapidar é um espaço de colaboração interdisciplinar voltado à pesquisa, à produção de conhecimento e ao desenvolvimento de soluções educacionais. A estruturação do laboratório contou com a participação de especialistas do Cead e resultou na elaboração de um Projeto Pedagógico e de um Regimento. A equipe também desenvolveu o site institucional e o sistema de agendamento das atividades.\nSegundo a diretora do Cead e coordenadora-geral da UAB na UnB, Alice Melo Ribeiro, a estrutura do laboratório reúne uma dimensão física e outra relacionada à produção de conhecimento e à organização das atividades. Ela comentou que a preparação do evento envolveu \""trabalho coletivo, planejamento, diálogo, articulação, pesquisa, organização e colaboração de diferentes pessoas e áreas”.\nO Lapidar terá agenda própria. As solicitações de atividades serão feitas por formulário e analisadas por uma equipe especializada. O grupo está registrado como grupo de pesquisa no Conselho Nacional de Desenvolvimento Científico e Tecnológico (CNPq) e no Decanato de Pesquisa e Inovação (DPI) da UnB.\nTECNOLOGIA – A programação também colocou a inteligência artificial no centro da discussão sobre os caminhos da educação. O vice-reitor Márcio Muniz afirmou que a educação a distância exige novas metodologias e formas de interação entre professores e estudantes. “À distância não é simplesmente reproduzir na tela aquilo que a gente faz presencialmente. Exige o uso de novas metodologias, novas formas de interação entre o professor e o aluno e a aplicação de novos conhecimentos e tecnologias”, defendeu.\nPara o vice-reitor, a discussão sobre inovação tecnológica precisa considerar a finalidade de seu uso na educação. “Se for para ampliar o acesso, incluir as pessoas que historicamente ficaram à margem da universidade e formar melhor os nossos alunos, a tecnologia deixa de ser apenas uma novidade e passa a ser uma inovação de fato”, disse.\nUAB – Atualmente, a UnB mantém 11 ofertas ativas de cursos pela UAB, reunindo quase 1,7 mil estudantes entre graduação e especialização. Este semestre a Universidade iniciou com 300 novas vagas em dois cursos a distância.""]","CEAD é um espaço de colaboração interdisciplinar voltado à pesquisa, à produção de conhecimento e ao desenvolvimento de soluções educacionais. Segundo a diretora do Cead e coordenadora-geral da UAB na UnB, Alice Melo Ribeiro, a estrutura do laboratório reúne uma dimensão física e outra relacionada à produção de conhecimento e à organização das atividades. O Cead participou no planejamento e desenvolvimento do Lapidar, um espaço interdisciplinar que terá agenda própria, com solicitações de atividades feitas por formulário e analisadas por uma equipe especializada.",Ana Maria,estilo de busca na web,longa,pergunta específica de etapa única,single_hop_specific_query_synthesizer,"[{""nome"": ""Coordenador de Pós-Graduação"", ""descricao_do_papel"": ""Responsável por atualizar dados no Plataforma Sucupira e coordenar a atualização dos dados pessoais e identificadores dos pós-graduandos.""}, {""nome"": ""Ana Maria"", ""descricao_do_papel"": ""Professora da Universidade de Brasília (UnB) envolvida em projetos de inovação e educação a distância, interessada em tecnologias que podem melhorar o ensino remoto.""}, {""nome"": ""Estudante Universitário"", ""descricao_do_papel"": ""Busca informações sobre estágios, bolsas de estudo e oportunidades na UnB para melhorar sua experiência acadêmica e profissional.""}]","[{""contexto"": ""O Lapidar é um espaço de colaboração interdisciplinar voltado à pesquisa, à produção de conhecimento e ao desenvolvimento de soluções educacionais. A estruturação do laboratório contou com a participação de especialistas do Cead e resultou na elaboração de um Projeto Pedagógico e de um Regimento. A equipe também desenvolveu o site institucional e o sistema de agendamento das atividades."", ""fontes"": [{""id_documento"": ""719eed463c5f61297c084c942ab67a984f259a1d8aef6814bfaa61c86d3e8565"", ""titulo"": ""UnB Notícias - Evento abre semestre da UAB e agenda do Laboratório de Pesquisa e Inovação Darcy Ribeiro"", ""url"": ""https://noticias.unb.br/ensino/8715-evento-abre-semestre-da-uab-e-agenda-do-laboratorio-de-pesquisa-e-inovacao-darcy-ribeiro"", ""origem"": ""noticias.unb.br"", ""data_publicacao"": ""2026-08-24T16:09:02-03:00""}]}]","O Cead desempenhou papel crucial na estruturação do laboratório Lapidar, participando da elaboração do Projeto Pedagógico e do Regimento, além do desenvolvimento do site institucional e sistema de agendamento das atividades.",VERDADEIRO,"Veredito: BOATO_SEM_REGISTRO
Justificativa: Nenhuma das evidências fornecidas menciona o laboratório Lapidar ou a participação do Cead em sua estruturação, elaboração de projeto pedagógico, regimento ou desenvolvimento de sistemas.
Confiança: 0.95",CONFIRMADO_OFICIALMENTE,BOATO_SEM_REGISTRO,False,[],"[""atualizadas e alinhadas às estruturas curriculares vigentes”, destaca Carla Rocha. Segundo o estudante Gustavo Choueiri, “a atualização dessas estruturas curriculares é feita de forma periódica, rodando o script mensalmente”. O colega Felipe Pedroza acrescenta: “Esse banco [de dados] tem que ser o mais limpo e coeso com a realidade possível”. O NoFluxoUnB transforma tabelas burocráticas em uma interface totalmente interativa e visual. O aluno envia o PDF do histórico acadêmico para o sistema, onde é gerado um fluxograma personalizado do curso, organizado por cores: verde para matérias concluídas, laranja para as liberadas e preto para as bloqueadas. O estudante também saberá o que pode cursar, pois a plataforma mapeia os pré-requisitos, correquisitos e equivalências específicas para a grade dele. Para a professora Carla Rocha, a ferramenta, além de facilitar a visualização da trajetória acadêmica, ajuda a moldar o perfil profissional que o discente deseja construir de forma personalizada. “Essas orientações são tradicionalmente oferecidas pelos coordenadores de curso, que frequentemente enfrentam limitações de tempo. Assim, o NoFluxoUnB atua de forma complementar, ampliando o acesso às informações e permitindo que os discentes tomem decisões mais informadas sobre sua trajetória acadêmica”, salienta a docente. INTELIGÊNCIA ARTIFICIAL – Além de ser capaz de orientar o estudante na organização da trajetória acadêmica, a Darcy IA ainda pode dar sugestões para o progresso do discente no curso, com foco em agilidade e facilidade na criação da grade curricular. Em vez de pesquisar manualmente departamento por departamento, o estudante digita o tópico que quer estudar e a inteligência artificial busca temas correlatos em toda a Universidade. Isso ajuda o aluno a descobrir optativas de seu interesse de forma muito rápida. Atualmente, o desenvolvimento da IA segue em progresso para ser uma assistente completa do percurso curricular e atuar em outras funções, como o planejador de formatura, que monta as grades futuras até o aluno formar, rearranjando-as conforme a necessidade. PERSPECTIVAS – Segundo o grupo, o trabalho agora é de consolidar e ampliar o alcance da plataforma dentro e fora da UnB, uma vez que o Sigaa é utilizado em mais de 50 universidades. Assim, a institucionalização da plataforma é um dos principais objetivos da equipe, que busca apoio por meio de editais e agências de fomento para viabilizar a integração oficial.."", ""A Universidade de Brasília reforça seu compromisso com a formação sólida em ciências exatas ao promover duas iniciativas complementares voltadas ao desempenho acadêmico dos estudantes no início do ano letivo. No mês de janeiro, a Universidade oferece aulas intensivas de pré-cálculo por meio do Programa Elos. Já em março, a agenda acadêmica inclui o Curso de Nivelamento em Estatística e Matemática 2026, com programa estruturado para ampliar conhecimentos e apoiar trajetórias acadêmicas mais seguras em disciplinas exigentes. O Programa Elos – Verão Pré Cálculo, que ocorre de 19 de janeiro a 13 de fevereiro de 2026, é voltado a estudantes que buscam reforçar a base conceitual necessária para disciplinas como Cálculo 1. Realizadas no Departamento de Matemática, campus Darcy Ribeiro, as aulas abordam conteúdos fundamentais, incluindo aritmética aplicada ao cálculo, funções e gráficos, trigonometria focada em cálculo, geometria analítica e revisão geral. A ação integra a política institucional de apoio à aprendizagem continuada, com objetivo de reduzir índices de reprovação e contribuir para a adaptação ao ritmo das disciplinas iniciais das áreas de exatas. Em uma abordagem semelhante, a UnB realizará, de 9 a 13 de março de 2026, o Curso de Nivelamento em Estatística e Matemática, coordenado pelo Instituto de Ciências Exatas (IE). Com programação gratuita, aberta a estudantes de todas as áreas da Universidade e a alunos do ensino médio da rede pública, o curso será ministrado no Auditório do Prédio CIC/EST, no campus Darcy Ribeiro. A atividade inclui módulos específicos em pré-cálculo, inteligência artificial e aprendizado de máquina, análise combinatória e introdução à estatística com linguagem R, promovendo uma base sólida para quem deseja enfrentar desafios em disciplinas avançadas no segundo semestre. Com foco em excelência acadêmica e inclusão, a Universidade de Brasília reafirma sua missão de promover oportunidades de aprendizagem que fortaleçam a formação intelectual dos estudantes, ampliem sua participação em atividades acadêmicas desafiadoras e contribuam para trajetórias de sucesso ao longo da formação superior. SERVIÇO: Aulas do Programa Elos – Verão Pré Cálculo Quando: 19/1 a 13/2/2026 Local: Departamento de Matemática – UnB Curso de Nivelamento em Estatística e Matemática 2026 Quando: 9 a 13/3/2026 Local: Auditório do Prédio CIC/EST – UnB"", ""A Universidade de Brasília (UnB) reuniu docentes, estudantes, gestores acadêmicos e profissionais da educação básica na Jornada Pedagógica das Licenciaturas. Realizado nesta quinta-feira (2), no Instituto de Química (IQ), o encontro promoveu debates sobre a formação de professores, o fortalecimento das licenciaturas e os desafios contemporâneos da educação. A programação incluiu apresentação de projetos, palestra da professora Kátia Curado, rodas de conversa e momentos de troca de experiências entre os participantes. A reitora Rozana Naves destacou que a Jornada se consolida como um espaço permanente de reflexão sobre os cursos de licenciatura e sobre os currículos da Universidade. Para ela, debater a formação de professores significa repensar a própria educação superior. \""Partindo das licenciaturas, temos a oportunidade de discutir o currículo universitário de forma integrada e pensar os projetos formativos da Universidade de forma crítica e orgânica, retomando o projeto original da Universidade de Brasília, que articulava uma sólida formação técnica a uma formação humanística\"", disse. A reitora avaliou que esse debate ganha novos contornos diante das mudanças sociais e das transformações na forma como os jovens se relacionam com o conhecimento. \""Precisamos recuperar essa concepção, aliando a formação técnica à formação humanística e também a uma formação política, no sentido de pensar a universidade, o papel da educação – e, no nosso caso, da educação superior – na formação de professores para a educação básica. Ao mesmo tempo, precisamos compreender como a própria educação básica nos oferece elementos para repensar o nosso fazer pedagógico, em um momento em que a sociedade muda com muita velocidade\"", defendeu. DIÁLOGO – O diretor de Planejamento e Acompanhamento Pedagógico das Licenciaturas (Dapli), do Decanato de Ensino de Graduação (DEG), Paulo Roberto Lima Júnior, ressaltou que a Jornada foi concebida como espaço de encontro entre os diferentes segmentos envolvidos com a formação de professores. Ele contou que a proposta busca fortalecer o diálogo entre docentes, estudantes e gestores. \""A nossa expectativa é que tenhamos um tempo de qualidade. Vivemos uma época em que estamos cada vez mais conectados, mas nem sempre próximos das pessoas. A Jornada é uma oportunidade para nos encontrarmos, conversarmos e compartilharmos o trabalho que realizamos\"", explicou Paulo Roberto. Ele acrescentou que a programação combinou momentos de debate, apresentação de experiências e convivência entre os participantes."", ""mesmo dia, título de Doutor Honoris Causa da Universidade de Brasília. Já o Instituto de Ciências Biológicas (IB) realizou na segunda (10) e quarta (12), no auditório 1 da unidade, duas aulas magnas sobre educação inclusiva e os desafios futuros das universidades diante das atuais transformações científicas, tecnológicas e sociais. Entre estudantes dos cursos das áreas de engenharia, tecnologia e computação, uma atividade de acolhimento, nos dias 17 e 19 de agosto, será dedicada ao público feminino, para promover a integração e estimular o apoio entre alunas destas graduações, que têm ingresso majoritário de homens. A ação ocorrerá na Faculdade de Tecnologia (FT) do campus Darcy Ribeiro, Asa Norte, e na Faculdade de Ciências e Tecnologias em Engenharia (FCTE), campus UnB Gama. Organizada pelo Decanato de Ensino de Graduação (DEG), a Feira de Oportunidades será um momento para os estudantes conhecerem diferentes atividades que podem ser realizadas durante a vida universitária, como projetos de extensão, inovação e tecnologia, empreendedorismo, estágios e intercâmbios acadêmicos. A atividade será nos dias 26 e 27 de agosto, das 9h às 19h, no ICC Sul, campus Darcy Ribeiro. Resultado de parceria com a Comissão Brasileira Justiça e Paz e a Escola Nacional Florestan Fernandes, o Seminário Espírito do Tempo, por sua vez, reunirá especialistas para debater os desafios do século XXI, cobrindo grandes temas, como geopolítica, emergência climática, inteligência artificial e a relação entre política e religião. O primeiro bloco tem cinco palestras programadas entre os dias 24 e 28 de agosto, sempre às 17h, no auditório da Associação dos Docentes da UnB (ADUnB), também no campus Darcy Ribeiro..""]",0.0,0.0,0.9999999999,0.3759056794097383
2,Qual é a participação da Diretoria de Inovação para o Ensino de Graduação (Dieg) na Feira de Oportunidades?,"[""Título: UnB Notícias - Feira de Oportunidades apresenta iniciativas acadêmicas para estudantes\n\nNa próxima quarta (26) e quinta-feira (27), das 9h às 19h, a ala sul do Instituto Central de Ciências (ICC Sul), no campus Darcy Ribeiro, Asa Norte, recebe a 2ª Feira de Oportunidades e a 1ª Praça de Estágios Vem pra UnB. A atividade de boas-vindas ao segundo semestre letivo de 2026 reunirá 15 tendas e estandes com informações sobre diferentes possibilidades acadêmicas na Universidade.\nNos espaços da feira, os participantes poderão conhecer oportunidades de estágio, bolsas, iniciação científica, pesquisa e extensão, além de programas ligados à inovação, tecnologia, empreendedorismo, intercâmbio, idiomas, cultura, esporte e desenvolvimento profissional. Além dos estudantes da UnB, a feira receberá alunos de escolas e de cursinhos pré-vestibulares, que terão a oportunidade de conhecer a estrutura, os cursos e as oportunidades oferecidas pela Universidade.\nO evento é uma iniciativa do Programa Vem pra UnB e surgiu a partir de parceria entre a Diretoria de Acompanhamento e Integração Acadêmica (Daia/DEG) e a Diretoria de Inovação para o Ensino de Graduação (Dieg/DEG), ambas do Decanato de Ensino de Graduação (DEG/UnB).\nPara a diretora da Dieg, Juliana Dias, a feira busca ampliar o conhecimento dos estudantes sobre a Universidade: “A proposta da feira é [mostrar]: o que é a UnB para além do seu curso?”, afirma.\n“A vivência na UnB não se resume à sala de aula. Há oportunidades de iniciação à pesquisa, mobilidade, intercâmbio, assistência e realização de estágios”, acrescenta o diretor da Daia, Alexandre Romariz.\nA ação reúne parceiros internos e externos à Universidade. Entre os participantes estão unidades como a Biblioteca Central (BCE), a Editora UnB, o Parque Científico e Tecnológico da UnB (PCTec), o Centro de Apoio ao Desenvolvimento Tecnológico (CDT), o Centro de Educação a Distância e Tecnologias Educacionais (Cead), o UnB Idiomas e empresas juniores.\nTambém estarão presentes decanatos, secretarias e diretorias, como os decanatos de Extensão (DEX) e de Ensino de Graduação (DEG); as secretarias de Direitos Humanos (SDH), do Meio Ambiente (Sema) e de Assuntos Internacionais (INT); e a Diretoria de Esporte, Arte e Cultura (Deac/DAC).\n""]","A Dieg participa da feira como parceiro, juntamente com outros decanatos e secretarias, apresentando oportunidades relacionadas à inovação, tecnologia, empreendedorismo e outros programas ligados ao ensino de graduação.",Coordenador de Pós-Graduação,gramática informal,média,pergunta específica de etapa única,single_hop_specific_query_synthesizer,"[{""nome"": ""Coordenador de Pós-Graduação"", ""descricao_do_papel"": ""Responsável por atualizar dados no Plataforma Sucupira e coordenar a atualização dos dados pessoais e identificadores dos pós-graduandos.""}, {""nome"": ""Ana Maria"", ""descricao_do_papel"": ""Professora da Universidade de Brasília (UnB) envolvida em projetos de inovação e educação a distância, interessada em tecnologias que podem melhorar o ensino remoto.""}, {""nome"": ""Estudante Universitário"", ""descricao_do_papel"": ""Busca informações sobre estágios, bolsas de estudo e oportunidades na UnB para melhorar sua experiência acadêmica e profissional.""}]","[{""contexto"": ""Título: UnB Notícias - Feira de Oportunidades apresenta iniciativas acadêmicas para estudantes"", ""fontes"": [{""id_documento"": ""e1ae9f068f5cd81aba7fa21d966aeed3bd66782fc434cc01eafad7b1e09587d4"", ""titulo"": ""UnB Notícias - Feira de Oportunidades apresenta iniciativas acadêmicas para estudantes"", ""url"": ""https://noticias.unb.br/ensino/8709-feira-de-oportunidades-apresenta-iniciativas-academicas-para-estudantes"", ""origem"": ""noticias.unb.br"", ""data_publicacao"": ""2026-08-21T13:57:00-03:00""}]}]",A Diretoria de Inovação para o Ensino de Graduação (Dieg) participa da Feira de Oportunidades apresentando iniciativas acadêmicas relacionadas à inovação e tecnologia.,VERDADEIRO,"Veredito: BOATO_SEM_REGISTRO
Justificativa: As evidências sobre a Feira de Oportunidades não mencionam a participação da Diretoria de Inovação para o Ensino de Graduação (Dieg) no evento [4].
Confiança: 0.95
Fontes: UnB Notícias - Feira de Oportunidades apresenta iniciativas acadêmicas para estudantes (noticias.unb.br) https://noticias.unb.br/ensino/8709-feira-de-oportunidades-apresenta-iniciativas-academicas-para-estudantes",CONFIRMADO_OFICIALMENTE,BOATO_SEM_REGISTRO,False,"[{""title"": ""UnB Notícias - Feira de Oportunidades apresenta iniciativas acadêmicas para estudantes"", ""url"": ""https://noticias.unb.br/ensino/8709-feira-de-oportunidades-apresenta-iniciativas-academicas-para-estudantes"", ""source"": ""noticias.unb.br""}]","[""curso tem participação conjunta do Instituto de Ciências Exatas (IE), da Faculdade de Tecnologia (FT) e da Faculdade de Ciências e Tecnologias em Engenharia (FCTE). Com isso, os estudantes poderão utilizar instalações e laboratórios de computação de alto desempenho distribuídos tanto no campus Darcy Ribeiro quanto no campus do Gama. A graduação é estruturada em um ciclo básico comum, com disciplinas concentradas nos cinco primeiros semestres, seguido por um ciclo com ênfase de especialização, nos três últimos períodos. Ao final do quinto semestre o graduando deve optar por uma de quatro possíveis ênfases de especialização: Desenvolvimento de Modelos para Indústria/Governo, IA Aplicada ao Design de Materiais, Engenharia de Sistemas Inteligentes ou Engenharia de IA. Docente do Departamento de Ciência da Computação (CIC), Luís Garcia ministra a disciplina Algoritmos e Programação de Computadores, ofertada para estudantes de cursos das engenharias, computação e agora também de IA. “É uma disciplina base para aprender o pensamento computacional, conceitos básicos de algoritmo, e a primeira linguagem de programação. A gente espera que eles aprendam bem porque será um conhecimento muito importante para todo resto do curso”, afirma o professor, que dá aulas na graduação da UnB desde 2019 e agora está animado em ser parte da equipe que formará profissionais na área de Inteligência Artificial. A carga horária total do curso é de 3.210 horas, correspondente a 214 créditos (um crédito equivale a 15 horas-aula). Deste total, 2.130 horas (66,35%) são de componentes obrigatórios, divididos em disciplinas do ciclo básico (1.260h), disciplinas da Ênfase escolhida (390h), Extensão Curricular (330h) e Trabalho de Conclusão de Curso (150h). Além disso, o currículo garante flexibilidade ao destinar as demais 1.080 horas (33,65%) a componentes optativos e eletivos. Confira o fluxo de disciplinas do curso. “A perspectiva central é a formação de agentes de inovação com capacidade crítica e ética para desenvolver soluções complexas com impacto na indústria, agronegócio, saúde e setor público”, acrescenta o coordenador do curso. HISTÓRICO – O Bacharelado em Inteligência Artificial surge como resposta da Universidade de Brasília à demanda do mercado por profissionais na área e está alinhado ao Plano Brasileiro de Inteligência Artificial (PBIA) 2024-2028. O curso foi aprovado pelo Conselho de Ensino, Pesquisa e Extensão (Cepe) em novembro de 2025."", ""disponibilizou tutorial e modelo de submissão com o passo a passo. Acesse aqui. DESTAQUES – Momento de encontro, diálogo e integração entre a comunidade acadêmica e a sociedade, a Semana Universitária promove a circulação da produção acadêmica, científica, cultural e de inovação da UnB nas mais diversas áreas do saber. É também uma oportunidade para que estudantes de escolas do Distrito Federal e do Entorno possam se ambientar à Universidade e conhecer estrutura, formas de ingresso e cursos da instituição. Leonardo Petrus salienta o enfoque da chamada de 2026 na integração entre extensão, ensino e pesquisa. \""O edital passa a incluir explicitamente o objetivo de fomentar ações em rede, envolvendo diferentes departamentos e cursos de uma mesma unidade acadêmica, em diálogo com a inserção curricular da extensão e com os novos critérios de avaliação da pós-graduação\"", observa o diretor da DTE/DEX. Este ano, o edital oferta 146 bolsas de extensão para estudantes se envolverem nas atividades de planejamento, organização e realização do evento. Em relação ao modelo de distribuição de recursos e bolsas, a alocação se dará em proporção ao percentual de ações de extensão concluídas por cada unidade acadêmica em 2025. O quantitativo está disponível no anexo V do edital. Além do apoio financeiro, as unidades contarão com transporte disponibilizado para a visitação de estudantes da educação básica aos campi da UnB. A programação da comunidade irá se somar às atividades permanentes realizadas a cada ano, entre elas: a Mostra de Cursos, com estandes para apresentação das graduações da Universidade e para interação entre comunidade acadêmica e escolas; o Encontro de Estudantes Extensionistas, dedicado à apresentação de projetos de extensão em vigência na instituição; e a Corrida e Caminhada UnB/HUB, com trajeto pelo campus Darcy Ribeiro. *Data de submissão prevista inicialmente no edital de lançamento (18/7) foi prorrogada, conforme comunicado do DEX de retificação da chamada. EXTENSÃO ATENÇÃO – As informações, as fotos e os textos podem ser usados e reproduzidos, integral ou parcialmente, desde que a fonte seja devidamente citada e que não haja alteração de sentido em seus conteúdos. Crédito para textos: nome do repórter/Secom UnB ou Secom UnB. Crédito para fotos: nome do fotógrafo/Secom UnB. DEX recebe propostas de atividades para a 26ª Semana Universitária Edital para submissão de ações tem inscrições até 18 de agosto, pelo Sigaa. Semuni ocorre em setembro, nos quatro campi - Da Secretaria de Comunicação da UnB."", ""inovação tecnológica precisa considerar a finalidade de seu uso na educação. “Se for para ampliar o acesso, incluir as pessoas que historicamente ficaram à margem da universidade e formar melhor os nossos alunos, a tecnologia deixa de ser apenas uma novidade e passa a ser uma inovação de fato”, disse. UAB – Atualmente, a UnB mantém 11 ofertas ativas de cursos pela UAB, reunindo quase 1,7 mil estudantes entre graduação e especialização. Este semestre a Universidade iniciou com 300 novas vagas em dois cursos a distância.."", ""poderá saber mais sobre bolsas de extensão, que somam mais de 5 mil anualmente na Universidade, e as do Programa Institucional de Bolsas de Iniciação Científica (Pibic), voltadas à pesquisa na graduação. As oportunidades de estágio serão concentradas na chamada Praça dos Estágios, em frente à entrada do ICC Sul. Com pelo menos o dobro de agências em relação à última edição, o espaço reunirá integradoras de estágio e empresas que oferecem estágios obrigatórios e não obrigatórios para estudantes. Para incentivar a interação com o público, a feira terá uma dinâmica gamificada. Os visitantes receberão um crachá para carimbos que poderão ser preenchidos nos estandes durante a circulação pelo evento. Ao completar 16 carimbos, o participante poderá trocar o crachá por um brinde da Editora UnB. A feira também busca aproximar os estudantes dos técnicos administrativos que atuam em diferentes setores da Universidade. “É o momento que eles saem dos bastidores, saem de seus decanatos, das suas secretarias, e vão para interação com a juventude da UnB”, destaca a diretora Juliana Dias. Além dos técnicos, docentes estarão presentes para esclarecer dúvidas dos visitantes. A programação também conta com atividades culturais e esportivas e inclui apresentações de chorinho, de cheerleading e do grupo de música 60mais; aulas de calistenia; mesa para prática de pingue-pongue; além de vendas de artesanatos indígenas..""]",0.0,0.5,0.3333333333,0.4868243438891423
3,Qual é a finalidade das bolsas de iniciação científica (Pibic) na UnB?,"[""PROGRAMAÇÃO DIVERSIFICADA – Entre as informações divulgadas, o público poderá saber mais sobre bolsas de extensão, que somam mais de 5 mil anualmente na Universidade, e as do Programa Institucional de Bolsas de Iniciação Científica (Pibic), voltadas à pesquisa na graduação.\nAs oportunidades de estágio serão concentradas na chamada Praça dos Estágios, em frente à entrada do ICC Sul. Com pelo menos o dobro de agências em relação à última edição, o espaço reunirá integradoras de estágio e empresas que oferecem estágios obrigatórios e não obrigatórios para estudantes.\n Para incentivar a interação com o público, a feira terá uma dinâmica gamificada. Os visitantes receberão um crachá para carimbos que poderão ser preenchidos nos estandes durante a circulação pelo evento. Ao completar 16 carimbos, o participante poderá trocar o crachá por um brinde da Editora UnB.\n A feira também busca aproximar os estudantes dos técnicos administrativos que atuam em diferentes setores da Universidade. “É o momento que eles saem dos bastidores, saem de seus decanatos, das suas secretarias, e vão para interação com a juventude da UnB”, destaca a diretora Juliana Dias. Além dos técnicos, docentes estarão presentes para esclarecer dúvidas dos visitantes.\nA programação também conta com atividades culturais e esportivas e inclui apresentações de chorinho, de cheerleading e do grupo de música 60mais; aulas de calistenia; mesa para prática de pingue-pongue; além de vendas de artesanatos indígenas.""]","As bolsas de iniciação científica (Pibic), voltadas à pesquisa na graduação, são uma das informações divulgadas no evento.",Estudante Universitário,gramática informal,longa,pergunta específica de etapa única,single_hop_specific_query_synthesizer,"[{""nome"": ""Coordenador de Pós-Graduação"", ""descricao_do_papel"": ""Responsável por atualizar dados no Plataforma Sucupira e coordenar a atualização dos dados pessoais e identificadores dos pós-graduandos.""}, {""nome"": ""Ana Maria"", ""descricao_do_papel"": ""Professora da Universidade de Brasília (UnB) envolvida em projetos de inovação e educação a distância, interessada em tecnologias que podem melhorar o ensino remoto.""}, {""nome"": ""Estudante Universitário"", ""descricao_do_papel"": ""Busca informações sobre estágios, bolsas de estudo e oportunidades na UnB para melhorar sua experiência acadêmica e profissional.""}]","[{""contexto"": ""PROGRAMAÇÃO DIVERSIFICADA – Entre as informações divulgadas, o público poderá saber mais sobre bolsas de extensão, que somam mais de 5 mil anualmente na Universidade, e as do Programa Institucional de Bolsas de Iniciação Científica (Pibic), voltadas à pesquisa na graduação."", ""fontes"": []}]",A finalidade das bolsas de iniciação científica (Pibic) na UnB é promover oportunidades de pesquisa para estudantes da graduação.,VERDADEIRO,"Veredito: CONFIRMADO_OFICIALMENTE
Justificativa: A evidência oficial confirma que o Programa Institucional de Bolsas de Iniciação Científica (Pibic) é voltado especificamente para a pesquisa na graduação da UnB [1].
Confiança: 0.95
Fontes: UnB Notícias - Feira de Oportunidades apresenta iniciativas acadêmicas para estudantes (noticias.unb.br) https://noticias.unb.br/ensino/8709-feira-de-oportunidades-apresenta-iniciativas-academicas-para-estudantes",CONFIRMADO_OFICIALMENTE,CONFIRMADO_OFICIALMENTE,True,"[{""title"": ""UnB Notícias - Feira de Oportunidades apresenta iniciativas acadêmicas para estudantes"", ""url"": ""https://noticias.unb.br/ensino/8709-feira-de-oportunidades-apresenta-iniciativas-academicas-para-estudantes"", ""source"": ""noticias.unb.br""}]","[""poderá saber mais sobre bolsas de extensão, que somam mais de 5 mil anualmente na Universidade, e as do Programa Institucional de Bolsas de Iniciação Científica (Pibic), voltadas à pesquisa na graduação. As oportunidades de estágio serão concentradas na chamada Praça dos Estágios, em frente à entrada do ICC Sul. Com pelo menos o dobro de agências em relação à última edição, o espaço reunirá integradoras de estágio e empresas que oferecem estágios obrigatórios e não obrigatórios para estudantes. Para incentivar a interação com o público, a feira terá uma dinâmica gamificada. Os visitantes receberão um crachá para carimbos que poderão ser preenchidos nos estandes durante a circulação pelo evento. Ao completar 16 carimbos, o participante poderá trocar o crachá por um brinde da Editora UnB. A feira também busca aproximar os estudantes dos técnicos administrativos que atuam em diferentes setores da Universidade. “É o momento que eles saem dos bastidores, saem de seus decanatos, das suas secretarias, e vão para interação com a juventude da UnB”, destaca a diretora Juliana Dias. Além dos técnicos, docentes estarão presentes para esclarecer dúvidas dos visitantes. A programação também conta com atividades culturais e esportivas e inclui apresentações de chorinho, de cheerleading e do grupo de música 60mais; aulas de calistenia; mesa para prática de pingue-pongue; além de vendas de artesanatos indígenas.."", ""disponibilizou tutorial e modelo de submissão com o passo a passo. Acesse aqui. DESTAQUES – Momento de encontro, diálogo e integração entre a comunidade acadêmica e a sociedade, a Semana Universitária promove a circulação da produção acadêmica, científica, cultural e de inovação da UnB nas mais diversas áreas do saber. É também uma oportunidade para que estudantes de escolas do Distrito Federal e do Entorno possam se ambientar à Universidade e conhecer estrutura, formas de ingresso e cursos da instituição. Leonardo Petrus salienta o enfoque da chamada de 2026 na integração entre extensão, ensino e pesquisa. \""O edital passa a incluir explicitamente o objetivo de fomentar ações em rede, envolvendo diferentes departamentos e cursos de uma mesma unidade acadêmica, em diálogo com a inserção curricular da extensão e com os novos critérios de avaliação da pós-graduação\"", observa o diretor da DTE/DEX. Este ano, o edital oferta 146 bolsas de extensão para estudantes se envolverem nas atividades de planejamento, organização e realização do evento. Em relação ao modelo de distribuição de recursos e bolsas, a alocação se dará em proporção ao percentual de ações de extensão concluídas por cada unidade acadêmica em 2025. O quantitativo está disponível no anexo V do edital. Além do apoio financeiro, as unidades contarão com transporte disponibilizado para a visitação de estudantes da educação básica aos campi da UnB. A programação da comunidade irá se somar às atividades permanentes realizadas a cada ano, entre elas: a Mostra de Cursos, com estandes para apresentação das graduações da Universidade e para interação entre comunidade acadêmica e escolas; o Encontro de Estudantes Extensionistas, dedicado à apresentação de projetos de extensão em vigência na instituição; e a Corrida e Caminhada UnB/HUB, com trajeto pelo campus Darcy Ribeiro. *Data de submissão prevista inicialmente no edital de lançamento (18/7) foi prorrogada, conforme comunicado do DEX de retificação da chamada. EXTENSÃO ATENÇÃO – As informações, as fotos e os textos podem ser usados e reproduzidos, integral ou parcialmente, desde que a fonte seja devidamente citada e que não haja alteração de sentido em seus conteúdos. Crédito para textos: nome do repórter/Secom UnB ou Secom UnB. Crédito para fotos: nome do fotógrafo/Secom UnB. DEX recebe propostas de atividades para a 26ª Semana Universitária Edital para submissão de ações tem inscrições até 18 de agosto, pelo Sigaa. Semuni ocorre em setembro, nos quatro campi - Da Secretaria de Comunicação da UnB."", ""A Universidade de Brasília reforça seu compromisso com a formação sólida em ciências exatas ao promover duas iniciativas complementares voltadas ao desempenho acadêmico dos estudantes no início do ano letivo. No mês de janeiro, a Universidade oferece aulas intensivas de pré-cálculo por meio do Programa Elos. Já em março, a agenda acadêmica inclui o Curso de Nivelamento em Estatística e Matemática 2026, com programa estruturado para ampliar conhecimentos e apoiar trajetórias acadêmicas mais seguras em disciplinas exigentes. O Programa Elos – Verão Pré Cálculo, que ocorre de 19 de janeiro a 13 de fevereiro de 2026, é voltado a estudantes que buscam reforçar a base conceitual necessária para disciplinas como Cálculo 1. Realizadas no Departamento de Matemática, campus Darcy Ribeiro, as aulas abordam conteúdos fundamentais, incluindo aritmética aplicada ao cálculo, funções e gráficos, trigonometria focada em cálculo, geometria analítica e revisão geral. A ação integra a política institucional de apoio à aprendizagem continuada, com objetivo de reduzir índices de reprovação e contribuir para a adaptação ao ritmo das disciplinas iniciais das áreas de exatas. Em uma abordagem semelhante, a UnB realizará, de 9 a 13 de março de 2026, o Curso de Nivelamento em Estatística e Matemática, coordenado pelo Instituto de Ciências Exatas (IE). Com programação gratuita, aberta a estudantes de todas as áreas da Universidade e a alunos do ensino médio da rede pública, o curso será ministrado no Auditório do Prédio CIC/EST, no campus Darcy Ribeiro. A atividade inclui módulos específicos em pré-cálculo, inteligência artificial e aprendizado de máquina, análise combinatória e introdução à estatística com linguagem R, promovendo uma base sólida para quem deseja enfrentar desafios em disciplinas avançadas no segundo semestre. Com foco em excelência acadêmica e inclusão, a Universidade de Brasília reafirma sua missão de promover oportunidades de aprendizagem que fortaleçam a formação intelectual dos estudantes, ampliem sua participação em atividades acadêmicas desafiadoras e contribuam para trajetórias de sucesso ao longo da formação superior. SERVIÇO: Aulas do Programa Elos – Verão Pré Cálculo Quando: 19/1 a 13/2/2026 Local: Departamento de Matemática – UnB Curso de Nivelamento em Estatística e Matemática 2026 Quando: 9 a 13/3/2026 Local: Auditório do Prédio CIC/EST – UnB"", ""curso tem participação conjunta do Instituto de Ciências Exatas (IE), da Faculdade de Tecnologia (FT) e da Faculdade de Ciências e Tecnologias em Engenharia (FCTE). Com isso, os estudantes poderão utilizar instalações e laboratórios de computação de alto desempenho distribuídos tanto no campus Darcy Ribeiro quanto no campus do Gama. A graduação é estruturada em um ciclo básico comum, com disciplinas concentradas nos cinco primeiros semestres, seguido por um ciclo com ênfase de especialização, nos três últimos períodos. Ao final do quinto semestre o graduando deve optar por uma de quatro possíveis ênfases de especialização: Desenvolvimento de Modelos para Indústria/Governo, IA Aplicada ao Design de Materiais, Engenharia de Sistemas Inteligentes ou Engenharia de IA. Docente do Departamento de Ciência da Computação (CIC), Luís Garcia ministra a disciplina Algoritmos e Programação de Computadores, ofertada para estudantes de cursos das engenharias, computação e agora também de IA. “É uma disciplina base para aprender o pensamento computacional, conceitos básicos de algoritmo, e a primeira linguagem de programação. A gente espera que eles aprendam bem porque será um conhecimento muito importante para todo resto do curso”, afirma o professor, que dá aulas na graduação da UnB desde 2019 e agora está animado em ser parte da equipe que formará profissionais na área de Inteligência Artificial. A carga horária total do curso é de 3.210 horas, correspondente a 214 créditos (um crédito equivale a 15 horas-aula). Deste total, 2.130 horas (66,35%) são de componentes obrigatórios, divididos em disciplinas do ciclo básico (1.260h), disciplinas da Ênfase escolhida (390h), Extensão Curricular (330h) e Trabalho de Conclusão de Curso (150h). Além disso, o currículo garante flexibilidade ao destinar as demais 1.080 horas (33,65%) a componentes optativos e eletivos. Confira o fluxo de disciplinas do curso. “A perspectiva central é a formação de agentes de inovação com capacidade crítica e ética para desenvolver soluções complexas com impacto na indústria, agronegócio, saúde e setor público”, acrescenta o coordenador do curso. HISTÓRICO – O Bacharelado em Inteligência Artificial surge como resposta da Universidade de Brasília à demanda do mercado por profissionais na área e está alinhado ao Plano Brasileiro de Inteligência Artificial (PBIA) 2024-2028. O curso foi aprovado pelo Conselho de Ensino, Pesquisa e Extensão (Cepe) em novembro de 2025.""]",0.0,0.5,0.99999999995,0.5478392329798943
4,Qual cidade de Goiás é mencionada no texto e qual foi a situação dos estudantes que vieram dela para estudar na UnB?,"[""Título: UnB Notícias - Início do semestre letivo movimenta a UnB\n\nAs aulas do 2º/2026 na Universidade de Brasília (UnB) começaram oficialmente na última segunda-feira (10). A data marcou o retorno às salas de aula e a chegada de milhares de estudantes, veteranos e calouros.\nNos corredores do campus Darcy Ribeiro, o movimento ao longo da semana foi intenso. Discente do oitavo semestre de Audiovisual, Marcelo Martins, 22 anos, é um dos que retomaram as atividades na instituição e espera conseguir conciliar estudos, trabalho e momentos de lazer com os amigos. “Estamos na primeira semana de aula e ainda não temos ideia de como vai ser. Espero que seja um bom semestre, tranquilo e proveitoso”, diz. “É um pouco difícil trabalhar e estudar ao mesmo tempo, mas estou animado, vai dar certo.”\nJá o calouro de Engenharia Elétrica Pedro Petry, 18 anos, busca inspiração na natureza para o aprendizado. Em seu início da vida acadêmica, ele compartilha: \""Busco dar o meu melhor, estudei realmente para passar em Engenharia Elétrica e estou animado”.\nSão expectativas que se somam às do colega de curso Gustavo Henrique Rodrigues, 18 anos. Ainda se adaptando à rotina universitária, ele veio de Anápolis, Goiás, para iniciar a formação acadêmica em Brasília e revela achar que vai gostar da vida acadêmica.\nPROGRAMAÇÃO NOS CAMPI – Para ambientar a comunidade na volta às aulas, diversas ações de recepção estão programadas para ocorrer ao longo do mês nos diferentes campi. Entre elas, atividades de acolhimento, a segunda edição da Feira de Oportunidades e o primeiro bloco de palestras do Seminário Espírito do Tempo.\nNo Instituto de Artes (IdA), a aula inaugural do semestre para os alunos da unidade, na quarta-feira (12), contou com exibição do filme Utopia Distopia (2020), de Jorge Bodanzky. Com a presença do diretor e de Marcia Neves Bodanzky, ambos da primeira leva de alunos da UnB nos anos 1960, a atividade foi seguida de um debate sobre cinema brasileiro e memória. Jorge Bodanzky também recebeu, no mesmo dia, título de Doutor Honoris Causa da Universidade de Brasília.\n""]","A cidade de Anápolis, Goiás, é mencionada no texto. Gustavo Henrique Rodrigues, 18 anos, veio de Anápolis para iniciar sua formação acadêmica em Brasília e revelou esperar gostar da vida acadêmica.",Ana Maria,gramática informal,longa,pergunta específica de etapa única,single_hop_specific_query_synthesizer,"[{""nome"": ""Coordenador de Pós-Graduação"", ""descricao_do_papel"": ""Responsável por atualizar dados no Plataforma Sucupira e coordenar a atualização dos dados pessoais e identificadores dos pós-graduandos.""}, {""nome"": ""Ana Maria"", ""descricao_do_papel"": ""Professora da Universidade de Brasília (UnB) envolvida em projetos de inovação e educação a distância, interessada em tecnologias que podem melhorar o ensino remoto.""}, {""nome"": ""Estudante Universitário"", ""descricao_do_papel"": ""Busca informações sobre estágios, bolsas de estudo e oportunidades na UnB para melhorar sua experiência acadêmica e profissional.""}]","[{""contexto"": ""Título: UnB Notícias - Início do semestre letivo movimenta a UnB"", ""fontes"": [{""id_documento"": ""dda848d10564d478f6f259bca82bd1295f39bc49b70b2b4fb382d014fecf436d"", ""titulo"": ""UnB Notícias - Início do semestre letivo movimenta a UnB"", ""url"": ""https://noticias.unb.br/ensino/8704-inicio-do-semestre-letivo-movimenta-a-unb"", ""origem"": ""noticias.unb.br"", ""data_publicacao"": ""2026-08-14T17:38:33-03:00""}]}]","Anápolis, Goiás, é mencionada no texto e um dos estudantes que veio dela para estudar na UnB é Gustavo Henrique Rodrigues.",VERDADEIRO,"Veredito: BOATO_SEM_REGISTRO
Justificativa: Nenhuma das evidências fornecidas menciona a cidade de Anápolis ou o estudante Gustavo Henrique Rodrigues.
Confiança: 0.95",CONFIRMADO_OFICIALMENTE,BOATO_SEM_REGISTRO,False,[],"[""A delegação de estudantes-atletas da Universidade de Brasília (UnB) disputa os Jogos Universitários Brasileiros (JUBs) de 2026, que tiveram início em 23 de agosto e seguem até 5 de setembro. A maior competição universitária da América Latina, conhecida como “olimpíada universitária”, acontece nas cidades de Goiânia e Trindade, em Goiás. De acordo com a Confederação Brasileira do Desporto Universitário (CBDU), promotora da competição, a edição goiana deve reunir mais de 7 mil participantes de todo o país, em 30 praças esportivas das duas cidades. O Boulevard dos Atletas, instalado no Centro de Convenções de Goiânia (CCGO), será o principal ponto de encontro das delegações durante as duas semanas de disputas. O diretor de Esportes e Atividades Comunitárias (CEL/Deac/DAC) da UnB, Pedro Ivo Barbosa, lembra que a Instituição tem um histórico no campeonato: “já é uma tradição da UnB participar dos JUBs”. Em relação às participações mais recentes, na campanha de 2025, realizada em Natal (RN), a UnB contou com 65 estudantes-atletas e conquistou 14 medalhas em sete das 22 modalidades. O saldo superou em uma medalha o da edição de 2024, em Brasília (DF), e foi o dobro do alcançado nos jogos de 2023, em Joinville (SC). COMPETIÇÃO – Este ano, a equipe da UnB contará com 115 integrantes, entre oficiais, técnicos e 108 estudantes-atletas, e disputará em 22 modalidades esportivas. Em algumas, a instituição mantém participação contínua há cerca de uma década, como o handebol, enquanto vem ganhando espaço em outras, como os esportes eletrônicos. Este ano, há ainda uma nova modalidade, o kart, que contará com os competidores Samuel Gontijo e Bruna Lameira. Eles garantiram as vagas do Distrito Federal. \""A oportunidade de participar dos jogos em uma modalidade inaugural me anima bastante\"", comenta Samuel, mestrando em Direito na UnB. \""Torço para que o nível da competição seja alto e para que possamos apresentar ao público o nosso esporte\"", afirma o atleta. Outro esporte com participação da UnB é o cheerleading, que em 2025 levou a instituição ao topo do pódio por três vezes. O desempenho tornou possível a participação da equipe este ano no Mundial Universitário, na Suécia. “Os JUBs sempre proporciona uma experiência muito leve e diferenciada, com interação entre atletas de várias modalidades e estados”, conta Ana Beatriz, estudante de Educação Física, que integra o time pela terceira vez. Luzia Fernandes, que também cursa Educação Física, é atleta de jiu-jitsu desde 2022."", ""A Universidade de Brasília deu início, nesta segunda-feira (16), às aulas do 1º semestre letivo de 2026. O período segue até 18 de julho, conforme o calendário acadêmico. Com a retomada, mais de 50 mil pessoas voltam a circular nos quatro campi da UnB. Caso dos estudantes Aydê Guedes, Paulo Jorge, Vinícius Castro e Lucas Rocha. >> Em carta, Reitoria saúda a comunidade no início do semestre “A gente precisa se atualizar. Eu queria sair da minha zona de conforto, pretendo fazer traduções”, diz a contadora Aydê, aprovada para o curso de Letras Tradução noturno no Vestibular 60 mais. \""Adoro conversar e me dou bem com qualquer idade\"", garante, animada com as perspectivas do primeiro semestre com a família na UnB: o filho está no mestrado em Mecatrônica e a filha cursa Direito. O estudante de Engenharia da Computação Paulo Jorge, 19 anos, está iniciando o 3º semestre. “Acho que será um semestre mais complicado, com matérias mais difíceis, mas espero seja tranquilo se eu conseguir me organizar bem”, avalia. Também animados com o início das aulas estavam os estudantes de Direito Vinícius Castro e Lucas Rocha. \""Não é o meu primeiro semestre na UnB, tinha feito Química antes, e decidi mudar de curso. No Direito é o meu primeiro dia. Apesar de não ser totalmente novidade, ainda é bacana conhecer o pessoal novo. Já conheci um pouco os veteranos, tem alguns conhecidos que também estudaram comigo e é bem legal rever a UnB. Fazia um ano que não passava por aqui, que não via os lugares, porque tranquei o curso no comecinho de 2025 para estudar para o vestibular\"", detalha Vinícius, 20 anos. Veterano, Lucas, 20 anos, está no 5º semestre de Direito. \""Cheguei num ponto do curso que agora é correria, então tenho que tentar adiantar as matérias para conseguir formar nos dez semestres\"", conta. \""A gente passa de uma base mais teórica e chega numa parte mais prática. Gostei de tudo até agora, graças a Deus, me encontrei.\"" A diversidade de perfis entre as pessoas que chegam aos campi no início do semestre e a boa convivência entre todos demonstra como a Universidade é espaço para o aprendizado, a prática e a vivência da democracia, todos os dias. Esse inclusive é o mote da campanha institucional de 2026 da UnB, lançada nesta segunda (16)."", ""do Sul”, contou Gabriela. “Sempre fui ligado a essa parte burocrática, eu adoro matemática, e também, claro, quero fazer amigos, viver muita coisa nova”, disse Rafael, animado. Maria Fernanda Bandeira, 17 anos, passou para Letras Português. “Estou muito feliz porque sempre foi o meu sonho entrar aqui. Quero dar aula. Acho que a gente escolhe licenciatura quando tem professores muito bons durante a nossa vida no colégio. Espero me tornar uma ótima profissional e que o curso abra portas”, disse. >> Mais fotos da festa dos aprovados aqui AGENDA DO CALOURO – Para realizar o registro acadêmico, os candidatos convocados devem ficar atentos aos prazos, previstos na Agenda do Calouro. O período de upload da documentação começou nesta terça-feira (10) e termina na quarta (11). O resultado provisório está previsto para 20 de fevereiro e o definitivo para 3 de março. O início das aulas está marcado para 16 de março de 2026. Outras informações sobre o ingresso na UnB podem ser obtidas pelos sites boasvindas.unb.br e vempraunb.unb.br.."", ""que hoje habitam o Brasil Central. “Queremos entender quem eram essas pessoas, de onde vieram, como viviam, e o que elas têm a ver com os povos Macro-Jê contemporâneos, notadamente os Xakriabá, os Xavante e os Xerente. É uma arqueologia comprometida com a história indígena de longa duração”, salienta Francisco. HISTÓRICO – O sítio foi escavado pelo Instituto de Arqueologia Brasileira (IAB) nas décadas de 1970 e 1980, no âmbito do Programa de Pesquisas no Vale do São Francisco. As escavações produziram diversos achados, entre eles, a múmia natural de uma menina de aproximadamente 12 anos, preservada pelo clima seco da caverna por cerca de 3.350 anos. A múmia recebeu o nome de Acauã, em homenagem a uma ave típica da região. Segundo Francisco Pugliese, as primeiras escavações revelaram um dos conjuntos arqueológicos mais bem preservados da América do Sul, abaixo dos Andes. Foram identificados remanescentes de 78 indivíduos, alguns com tecidos moles e cabelos preservados graças às condições excepcionais do microclima da caverna. Os achados permitem análises mais profundas que em ossos, como a identificação de doenças, parasitas, composição de dieta e até análises de DNA de alta qualidade. Além dos restos humanos, foram encontrados penas, cestarias, adornos, cerâmicas, sementes e uma diversidade de instrumentos de pedra. Todo o acervo das escavações antigas está hoje no Rio de Janeiro, sob guarda do IAB. Confira as imagens tridimensionais da múmia Acauã: RETOMADA – Pouco depois, o trabalho arqueológico foi interrompido, muito pouco publicado e o sítio ficou abandonado por quase 40 anos. “Quando voltamos em 2021, havia uma urgência concreta: partes de sepultamentos estavam expostas nos perfis das escavações antigas, desprotegidas, com risco real de degradação e saque, uma vez que turistas desavisados e animais selvagens pisoteavam os contextos funerários”, afirma Francisco. Além da necessidade de conservação, o professor destaca a evolução dos métodos analíticos que permitem produzir hoje um volume de informações incomparavelmente maior. “Há toda uma frente de análises laboratoriais interdisciplinares: osteologia, genética, isótopos estáveis, arqueobotânica, geoarqueologia, análise cerâmica, análise lítica e fitólitos, para construir um quadro cada vez mais rico sobre quem foram as pessoas que utilizaram o abrigo sob rocha”, explica. Entre os novos achados estão mais de 300 partes de sepultamentos humanos recuperados nas campanhas de 2021 a 2025, hoje analisados em laboratórios da UnB, da Universidade de São Paulo (USP) e da Universidade da Flórida, nos Estados Unidos.""]",0.3333333333333333,0.5,0.0,0.6093555086249611
5,Qual é a localização da Faculdade de Ciências e Tecnologias em Engenharia (FCTE) no campus UnB Gama?,"[""Já o Instituto de Ciências Biológicas (IB) realizou na segunda (10) e quarta (12), no auditório 1 da unidade, duas aulas magnas sobre educação inclusiva e os desafios futuros das universidades diante das atuais transformações científicas, tecnológicas e sociais.\n Entre estudantes dos cursos das áreas de engenharia, tecnologia e computação, uma atividade de acolhimento, nos dias 17 e 19 de agosto, será dedicada ao público feminino, para promover a integração e estimular o apoio entre alunas destas graduações, que têm ingresso majoritário de homens. A ação ocorrerá na Faculdade de Tecnologia (FT) do campus Darcy Ribeiro, Asa Norte, e na Faculdade de Ciências e Tecnologias em Engenharia (FCTE), campus UnB Gama.\nOrganizada pelo Decanato de Ensino de Graduação (DEG), a Feira de Oportunidades será um momento para os estudantes conhecerem diferentes atividades que podem ser realizadas durante a vida universitária, como projetos de extensão, inovação e tecnologia, empreendedorismo, estágios e intercâmbios acadêmicos. A atividade será nos dias 26 e 27 de agosto, das 9h às 19h, no ICC Sul, campus Darcy Ribeiro.\nResultado de parceria com a Comissão Brasileira Justiça e Paz e a Escola Nacional Florestan Fernandes, o Seminário Espírito do Tempo, por sua vez, reunirá especialistas para debater os desafios do século XXI, cobrindo grandes temas, como geopolítica, emergência climática, inteligência artificial e a relação entre política e religião. O primeiro bloco tem cinco palestras programadas entre os dias 24 e 28 de agosto, sempre às 17h, no auditório da Associação dos Docentes da UnB (ADUnB), também no campus Darcy Ribeiro.""]","A Faculdade de Ciências e Tecnologias em Engenharia (FCTE), campus UnB Gama, será o local onde ocorrerá a atividade de acolhimento dedicada ao público feminino dos cursos de engenharia, tecnologia e computação.",Ana Maria,gramática correta,média,pergunta específica de etapa única,single_hop_specific_query_synthesizer,"[{""nome"": ""Coordenador de Pós-Graduação"", ""descricao_do_papel"": ""Responsável por atualizar dados no Plataforma Sucupira e coordenar a atualização dos dados pessoais e identificadores dos pós-graduandos.""}, {""nome"": ""Ana Maria"", ""descricao_do_papel"": ""Professora da Universidade de Brasília (UnB) envolvida em projetos de inovação e educação a distância, interessada em tecnologias que podem melhorar o ensino remoto.""}, {""nome"": ""Estudante Universitário"", ""descricao_do_papel"": ""Busca informações sobre estágios, bolsas de estudo e oportunidades na UnB para melhorar sua experiência acadêmica e profissional.""}]","[{""contexto"": ""Já o Instituto de Ciências Biológicas (IB) realizou na segunda (10) e quarta (12), no auditório 1 da unidade, duas aulas magnas sobre educação inclusiva e os desafios futuros das universidades diante das atuais transformações científicas, tecnológicas e sociais."", ""fontes"": []}]",A Faculdade de Ciências e Tecnologias em Engenharia (FCTE) está localizada no campus UnB Gama.,VERDADEIRO,"Veredito: CONFIRMADO_OFICIALMENTE
Justificativa: A Faculdade de Ciências e Tecnologias em Engenharia (FCTE) é explicitamente identificada como o campus UnB Gama em publicação oficial da universidade.
Confiança: 0.95
Fontes: UnB Notícias - Campi da UnB em Ceilândia e no Gama completam 18 anos (noticias.unb.br) https://noticias.unb.br/institucional/8710-campi-da-unb-em-ceilandia-e-no-gama-completam-18-anos",CONFIRMADO_OFICIALMENTE,CONFIRMADO_OFICIALMENTE,True,"[{""title"": ""UnB Notícias - Campi da UnB em Ceilândia e no Gama completam 18 anos"", ""url"": ""https://noticias.unb.br/institucional/8710-campi-da-unb-em-ceilandia-e-no-gama-completam-18-anos"", ""source"": ""noticias.unb.br""}]","[""A Faculdade de Ciências e Tecnologias em Saúde (FCTS/UnB), campus UnB Ceilândia, e a Faculdade de Ciências e Tecnologias em Engenharia (FCTE/UnB), campus UnB Gama, completam 18 anos nos dias 25 e 26 de agosto, respectivamente. Inaugurados em agosto de 2008, os campi deram continuidade ao processo de descentralização da Universidade, iniciado em 2006 com a criação da Faculdade UnB Planaltina (FUP). Ambas as unidades foram pensadas para atender demandas específicas de suas regiões. Assim, compartilham uma trajetória marcada pela expansão do acesso à universidade pública, pela produção de conhecimento em áreas vocacionadas e pela aproximação com a comunidade local. Em 2024, as então Faculdade UnB Ceilândia (FCE) e Faculdade UnB Gama (FGA) receberam a aprovação dos novos nomes, que refletem de forma mais precisa suas vocações e áreas de atuação. Enquanto a FCTS tem fortalecido a formação em saúde, a FCTE contribui com o ensino de engenharia e tecnologia no Distrito Federal. CEILÂNDIA – Atendendo a uma antiga reivindicação da comunidade local por mais acesso ao ensino superior público, nasceu o campus UnB Ceilândia, na região administrativa mais populosa do Distrito Federal. O início de sua história foi marcado por instalações provisórias e mobilizações estudantis, até a inauguração definitiva em 2012. A faculdade começou ofertando os cursos de Enfermagem, Farmácia, Fisioterapia, Terapia Ocupacional e Saúde Coletiva, incorporando posteriormente a graduação em Fonoaudiologia, em 2013. Já no primeiro semestre de funcionamento, contou com 240 alunos e, desde sua criação, formou 4.318 profissionais. A FCTS conta ainda com programas de pós-graduação stricto sensu em Ciências e Tecnologias em Saúde, Ciências da Reabilitação e Assistência Farmacêutica. Além de especializações lato sensu em Fisioterapia Neurofuncional, Fisioterapia Traumato-Ortopédica e Transtorno de Neurodesenvolvimento na Perspectiva da Educação Inclusiva. Atualmente, reúne 2.575 estudantes de graduação, 235 alunos de pós-graduação, 180 professores e 83 servidores técnico-administrativos. Sobre a programação pelos 18 anos da FCTS, o diretor João Paulo Chieregato informa: ”A comemoração oficial foi adiada para outubro, quando realizaremos uma cerimônia oficial, a corrida Cross Cerrado, concurso de fotografia, palestras de capacitação, entre outras atividades”. GAMA – Marcada pelos desafios da implantação de uma nova unidade acadêmica na região administrativa do Gama, a FCTE teve as primeiras aulas também em espaços provisórios, até a consolidação do campus definitivo. Somente em 2011 foi inaugurado o primeiro prédio de salas de aula no campus."", ""curso tem participação conjunta do Instituto de Ciências Exatas (IE), da Faculdade de Tecnologia (FT) e da Faculdade de Ciências e Tecnologias em Engenharia (FCTE). Com isso, os estudantes poderão utilizar instalações e laboratórios de computação de alto desempenho distribuídos tanto no campus Darcy Ribeiro quanto no campus do Gama. A graduação é estruturada em um ciclo básico comum, com disciplinas concentradas nos cinco primeiros semestres, seguido por um ciclo com ênfase de especialização, nos três últimos períodos. Ao final do quinto semestre o graduando deve optar por uma de quatro possíveis ênfases de especialização: Desenvolvimento de Modelos para Indústria/Governo, IA Aplicada ao Design de Materiais, Engenharia de Sistemas Inteligentes ou Engenharia de IA. Docente do Departamento de Ciência da Computação (CIC), Luís Garcia ministra a disciplina Algoritmos e Programação de Computadores, ofertada para estudantes de cursos das engenharias, computação e agora também de IA. “É uma disciplina base para aprender o pensamento computacional, conceitos básicos de algoritmo, e a primeira linguagem de programação. A gente espera que eles aprendam bem porque será um conhecimento muito importante para todo resto do curso”, afirma o professor, que dá aulas na graduação da UnB desde 2019 e agora está animado em ser parte da equipe que formará profissionais na área de Inteligência Artificial. A carga horária total do curso é de 3.210 horas, correspondente a 214 créditos (um crédito equivale a 15 horas-aula). Deste total, 2.130 horas (66,35%) são de componentes obrigatórios, divididos em disciplinas do ciclo básico (1.260h), disciplinas da Ênfase escolhida (390h), Extensão Curricular (330h) e Trabalho de Conclusão de Curso (150h). Além disso, o currículo garante flexibilidade ao destinar as demais 1.080 horas (33,65%) a componentes optativos e eletivos. Confira o fluxo de disciplinas do curso. “A perspectiva central é a formação de agentes de inovação com capacidade crítica e ética para desenvolver soluções complexas com impacto na indústria, agronegócio, saúde e setor público”, acrescenta o coordenador do curso. HISTÓRICO – O Bacharelado em Inteligência Artificial surge como resposta da Universidade de Brasília à demanda do mercado por profissionais na área e está alinhado ao Plano Brasileiro de Inteligência Artificial (PBIA) 2024-2028. O curso foi aprovado pelo Conselho de Ensino, Pesquisa e Extensão (Cepe) em novembro de 2025."", ""A Universidade de Brasília (UnB) assinou, nesta terça-feira (16), um memorando de entendimento com a Northwestern Polytechnical University (NWPU) e a China Southern Sci-Tech (Guangdong Hengqin) Co., Ltd. (CSSC) para a criação do Laboratório Conjunto China-Brasil. A iniciativa estabelece uma plataforma de cooperação científica e tecnológica voltada ao desenvolvimento de pesquisas em áreas estratégicas da aviação e da indústria aeroespacial. O acordo foi formalizado durante cerimônia realizada no auditório da Reitoria da UnB, com a presença do embaixador da China no Brasil, Zhu Qingqiao, representantes das instituições parceiras e autoridades universitárias. A parceria reúne três instituições com perfis complementares. A UnB contribuirá com sua experiência em pesquisa e cooperação internacional; a NWPU é uma das principais universidades chinesas nas áreas de aeronáutica, aeroespacial e engenharia; e a CSSC atua em pesquisa aplicada e desenvolvimento tecnológico voltado ao setor aeronáutico. O objetivo é ampliar a colaboração entre universidade, centros de pesquisa e setor produtivo em projetos de longo prazo e estabelecer um ambiente permanente de cooperação científica entre Brasil e China. O memorando prevê a criação de uma plataforma conjunta de pesquisa, submissão de projetos binacionais, intercâmbio de docentes e pesquisadores, formação compartilhada de estudantes e realização de eventos acadêmicos. Entre os temas prioritários estão simulação aérea, aviação verde, segurança aérea e a chamada economia de baixa altitude, conceito relacionado ao uso de drones e outras tecnologias de mobilidade aérea. A reitora Rozana Naves destacou que a assinatura representa um passo na ampliação da cooperação internacional da Universidade. \""O Laboratório Conjunto China-Brasil será muito mais que um espaço físico. Será um ecossistema de cooperação científica, mobilidade acadêmica, formação compartilhada e produção de conhecimento aplicado\"", disse. A reitora também ressaltou que a China está entre os principais parceiros acadêmicos da instituição, que mantém atualmente 35 acordos com organizações chinesas. Entre eles, colaboração recém-firmada com a Universidade de Aviação Civil da China dedicada a pesquisas e intercâmbio de informações e recursos humanos na área de transportes. >> Confira também: UnB lança Centro Brasil-China de pesquisa em agricultura familiar O vice-reitor Márcio Muniz explicou que o memorando consolida diálogos iniciados durante missão acadêmica realizada pela UnB à China em 2025. \""As áreas previstas neste acordo são estratégicas para o futuro. Estamos falando de simulação aérea, aviação verde, segurança aérea e economia de baixa altitude\"", afirmou."", ""A Universidade de Brasília (UnB) iniciou, na quarta-feira (19), o segundo semestre de 2026 dos cursos ofertados pelo Sistema Universidade Aberta do Brasil (UAB). A programação também abriu a agenda do Laboratório de Pesquisa e Inovação Darcy Ribeiro (Lapidar), no Centro de Educação a Distância e Tecnologias Educacionais (Cead/UnB). Com o tema Inovações Tecnológicas e a Educação, o encontro reuniu docentes, estudantes, gestores e equipes técnicas para discutir educação a distância, aprendizagem digital e os desafios relacionados ao uso de novas tecnologias no ensino. A programação contou com palestra do professor Carlos Portela sobre o uso de inteligência artificial generativa na graduação. O Lapidar é um espaço de colaboração interdisciplinar voltado à pesquisa, à produção de conhecimento e ao desenvolvimento de soluções educacionais. A estruturação do laboratório contou com a participação de especialistas do Cead e resultou na elaboração de um Projeto Pedagógico e de um Regimento. A equipe também desenvolveu o site institucional e o sistema de agendamento das atividades. Segundo a diretora do Cead e coordenadora-geral da UAB na UnB, Alice Melo Ribeiro, a estrutura do laboratório reúne uma dimensão física e outra relacionada à produção de conhecimento e à organização das atividades. Ela comentou que a preparação do evento envolveu \""trabalho coletivo, planejamento, diálogo, articulação, pesquisa, organização e colaboração de diferentes pessoas e áreas”. O Lapidar terá agenda própria. As solicitações de atividades serão feitas por formulário e analisadas por uma equipe especializada. O grupo está registrado como grupo de pesquisa no Conselho Nacional de Desenvolvimento Científico e Tecnológico (CNPq) e no Decanato de Pesquisa e Inovação (DPI) da UnB. TECNOLOGIA – A programação também colocou a inteligência artificial no centro da discussão sobre os caminhos da educação. O vice-reitor Márcio Muniz afirmou que a educação a distância exige novas metodologias e formas de interação entre professores e estudantes. “À distância não é simplesmente reproduzir na tela aquilo que a gente faz presencialmente. Exige o uso de novas metodologias, novas formas de interação entre o professor e o aluno e a aplicação de novos conhecimentos e tecnologias”, defendeu. Para o vice-reitor, a discussão sobre inovação tecnológica precisa considerar a finalidade de seu uso na educação. “Se for para ampliar o acesso, incluir as pessoas que historicamente ficaram à margem da universidade e formar melhor os nossos alunos, a tecnologia deixa de ser apenas uma novidade e passa a ser uma inovação de fato”, disse.""]",0.0,1.0,0.249999999975,0.34714533908024053
6,Qual é a importância do seminário internacional antirracista para os pesquisadores negros?,"[""Título: UnB Notícias - Seminário internacional antirracista integra congresso de pesquisadores negros\n\n""]","Título: UnB Notícias - Seminário internacional antirracista integra congresso de pesquisadores negros

O seminário internacional antirracista integra o congresso de pesquisadores negros, demonstrando a importância do tema antirracismo para essa comunidade acadêmica.",Coordenador de Pós-Graduação,gramática informal,longa,pergunta específica de etapa única,single_hop_specific_query_synthesizer,"[{""nome"": ""Coordenador de Pós-Graduação"", ""descricao_do_papel"": ""Responsável por atualizar dados no Plataforma Sucupira e coordenar a atualização dos dados pessoais e identificadores dos pós-graduandos.""}, {""nome"": ""Ana Maria"", ""descricao_do_papel"": ""Professora da Universidade de Brasília (UnB) envolvida em projetos de inovação e educação a distância, interessada em tecnologias que podem melhorar o ensino remoto.""}, {""nome"": ""Estudante Universitário"", ""descricao_do_papel"": ""Busca informações sobre estágios, bolsas de estudo e oportunidades na UnB para melhorar sua experiência acadêmica e profissional.""}]","[{""contexto"": ""Título: UnB Notícias - Seminário internacional antirracista integra congresso de pesquisadores negros"", ""fontes"": []}]",O seminário internacional antirracista contribui para integrar pesquisadores negros em discussões importantes sobre racismo e igualdade.,VERDADEIRO,"Veredito: CONFIRMADO_OFICIALMENTE
Justificativa: O III Seminário Internacional Tecendo Redes Antirracistas, realizado na UnB, integrou o XIV Congresso Brasileiro de Pesquisadores(as) Negros(as) (Copene), promovendo debates sobre educação antirracista e igualdade [1].
Confiança: 0.95
Fontes: UnB Notícias - Seminário internacional antirracista integra congresso de pesquisadores negros (noticias.unb.br) https://noticias.unb.br/ensino/8666-seminario-internacional-antirracista-integra-congresso-de-pesquisadores-negros",CONFIRMADO_OFICIALMENTE,CONFIRMADO_OFICIALMENTE,True,"[{""title"": ""UnB Notícias - Seminário internacional antirracista integra congresso de pesquisadores negros"", ""url"": ""https://noticias.unb.br/ensino/8666-seminario-internacional-antirracista-integra-congresso-de-pesquisadores-negros"", ""source"": ""noticias.unb.br""}]","[""As primeiras mesas do III Seminário Internacional Tecendo Redes Antirracistas foram realizadas na manhã desta quarta-feira (29), no Anfiteatro 12, no Instituto Central de Ciências (ICC) do campus Darcy Ribeiro, Asa Norte. O evento celebra os dez anos da Rede Internacional de Pesquisadores Antirracistas e é parte do XIV Congresso Brasileiro de Pesquisadores(as) Negros(as) (Copene), também sediado esta semana na Universidade de Brasília. Durante a programação, os participantes do seminário vão discutir, entre outros temas, a educação antirracista, ações afirmativas, interseccionalidade, mobilizações sociais e experiências internacionais. A coordenadora-geral do Copene e professora da Faculdade de Educação (FE), Renísia Filice, ressaltou a relevância de promover as temáticas antirracistas no Brasil, “país de maior presença negra fora da África”. “Poder estar no Copene, que tem uma potência política tão grande, é uma oportunidade ímpar”, disse ela, ao anunciar a composição da mesa inaugural do seminário e dar as boas-vindas ao público. A docente também coordena o Consórcio Nacional dos Núcleos de Estudos Afro-Brasileiros (Conneabs). As falas seguiram com a diretora de Avaliação, Monitoramento e Gestão da Informação da Secretaria de Gestão do Sistema Nacional de Promoção da Igualdade (DAMGI/Senapir/MIR), Tatiana Dias, e a diretora da FE, Liliane Machado. “O nosso propósito é sempre estarmos unidos e unidas, avançando na luta antirracista e na luta por uma gestão pública antirracista”, disse a representante do Ministério da Igualdade Racial (MIR), que é doutora em Administração pela UnB. A professora Liliane Machado ressaltou as parcerias estabelecidas pela FE no enfrentamento ao racismo. “As grandes transformações sociais exigem políticas públicas fundamentadas em conhecimento científico, construído em diálogo permanente com o sujeito e os territórios onde as desigualdades se manifestam”, disse ela, que defendeu o aprofundamento do diálogo com escolas, movimentos sociais, gestores públicos e povos tradicionais. PORTUGAL E CABO VERDE – O seminário seguiu com mesa em que se compartilharam estudos, avaliações e vivências de professores e pesquisadores negros de Portugal e de Cabo Verde. Autora do livro Tribuna Negra, que faz resgate histórico do movimento negro português, Cristina Roldão discorreu sobre as especificidades do combate ao racismo no país ibérico. Entre outras questões, apontou a escassez de estatísticas raciais na Europa e mencionou que mesmo os negros nascidos em Portugal são percebidos como imigrantes em um país de maioria branca."", ""A Universidade de Brasília realizou, na tarde de terça-feira (17), uma recepção especial para acolher e integrar a comunidade discente LGBTQIA+. O evento aconteceu no anfiteatro 10 do ICC Sul, no campus Darcy Ribeiro, e integrou as ações institucionais de promoção da diversidade, em reforço ao compromisso da UnB com políticas de inclusão e permanência. Organizada pela Secretaria de Direitos Humanos (SDH), pelo Núcleo de Estudos da Diversidade Sexual e de Gênero (Nedig/Ceam) e pela Diretoria de Esporte e Organizações Comunitárias (Deac/DAC), a acolhida calorosa destacou-se por receber a primeira turma de estudantes ingressantes por meio das cotas para pessoas trans. Integrantes do projeto Vivência Ballroom UnB recepcionaram a comunidade com uma breve experiência de voguing, um tipo de performance estilizada que simboliza o empoderamento LGBTQIA+ e valoriza identidade, diversidade e inclusão. “Esse evento é parte das atividades de boas-vindas aos calouros e é importante por ser um espaço de acolhimento para essa comunidade, principalmente para estudantes que estão entrando agora pelo primeiro vestibular de cotas trans”, comentou Maria Célia Selem, responsável pela Coordenação LGBTQIA+ da SDH. A ação incluiu apresentações institucionais sobre a secretaria e os canais de ouvidoria, e orientações sobre políticas e direitos dos estudantes, como uso do nome social e canais para eventuais denúncias. \""Para os que estão chegando, quero dizer que a UnB é de vocês e que a presença de estudantes LGBTQIA+ fortalece a diversidade e ajuda a construir uma Universidade mais justa, plural e humana”, pontuou Ágata Guerra, ouvidora da UnB. Também esclareceram dúvidas dos estudantes o coordenador de Arte e Cultura (CoAC/Deac/DAC), Rafael Zonta, e o secretário adjunto da Secretaria de Administração Acadêmica (SAA), Daniel de Almeida. O coordenador do Diretório Central dos Estudantes (DCE), Maktos Gonçalves, contextualizou as lutas até a aprovação das cotas trans e se disse “animado por participar da história, que foi influenciada por quem veio antes e pela luta pelos direitos [LGBTQIA+]”. Durante a tarde, houve ainda a apresentação de coletivos estudantis com o objetivo de criar uma rede de apoio, convivência e integração entre calouros com a comunidade de veteranos. CALOUROS – Alex Santiago e Nicholas Moon acabaram de ingressar no curso de Letras – Língua e Literatura Japonesa e falaram da expectativa de conhecer mais pessoas e de estar em um lugar em que se sintam pertencentes. “Eu entrei pelo PAS [Programa de Avaliação Seriada], mas também fiquei na lista de espera pelas cotas trans."", ""justiça socioambiental; além de refletir, de forma criativa, crítica e transdisciplinar, sobre temas e controvérsias que desafiam a humanidade”, explica. O evento também se propõe a fortalecer o espaço de produção do conhecimento, o diálogo democrático e a construção coletiva de alternativas para os desafios do presente e do futuro. >> Envie perguntas e inscreva-se PALESTRAS – Os debates têm início em 24 de agosto, com o tema A Nova Ordem Mundial: Geopolítica, Multipolaridade e Sul Global, sob condução do jornalista e correspondente internacional Jamil Chade e da economista mexicana Ana Esther Ceceña. A dupla discutirá sobre as transformações na arquitetura do poder mundial, as disputas geopolíticas entre grandes potências e o papel do Brasil em um cenário de desafios como segurança energética e mudanças climáticas. No dia 25 de agosto, o tema central será Economia Mundial, Desigualdade e Desenvolvimento em Tempos de Crise, com palestras do professor e especialista em finanças José Kobori e da economista Juliane Furno. Eles farão uma reflexão sobre os impactos das crises econômicas e do avanço das economias emergentes, discutindo alternativas para um desenvolvimento mais inclusivo e sustentável. A agenda do dia 26 de agosto será sobre Emergência Climática, Transição Ecológica e Disputa por Recursos Estratégicos. Estarão presentes a professora do Instituto de Ciências Biológicas (IB) da UnB Mercedes Bustamante, referência internacional em pesquisas sobre mudanças climáticas, e a pesquisadora e ativista indígena Eva Potiguara. Serão abordados os impactos da crise climática e o papel do Brasil em pressões externas, em conflitos territoriais e como ator com capacidade de influenciar os termos da transição ecológica global. O primeiro bloco conta ainda, no dia 27 de agosto, com o debate Inteligência Artificial, Desinformação e Poder das Plataformas Digitais, guiado pela jornalista e coordenadora do Comitê Gestor da Internet no Brasil (CGI.br), Renata Mielli, e pelo cientista da computação Virgílio Almeida. Eles tratarão dos desafios éticos, sociais e políticos da inteligência artificial; da disseminação da desinformação; e da regulação das plataformas digitais. Encerra a semana, em 28 de agosto, a mesa A Interseção entre Política e Religião, com o teólogo católico Jung Mo Sung e a socióloga Christina Vital da Cunha. A discussão será em torno de como os valores religiosos influenciam a vida pública, as democracias contemporâneas e os debates sobre direitos, participação política e justiça social."", ""e os processos do \""fazer cinema\"". Para Souza, a obra incorpora aos campos da comunicação, do audiovisual e das artes as experiências de mulheres negras em espaços historicamente marcados pela predominância masculina e branca. \""A principal contribuição é dar visibilidade a um cinema que, durante muito tempo, foi marginalizado\"", sintetiza. Organizado em quatro eixos, o livro inclui discussões sobre a pesquisa e a construção do cinema negro como campo de estudos e sobre as dimensões estética e política dessas produções. Resgata ainda a memória de pioneiras como Adélia Sampaio e Antônia Ágape, aprofundando questões relacionadas à visibilidade das mulheres negras na história do cinema, bem como traz artigos sobre crítica, curadoria e exibição. \""Os nossos filmes, na maioria das vezes, não vinham sendo curados, não vinham sendo sequer falados\"", observa a pesquisadora, que também dirigiu curtas-metragens premiados, entre eles Filhas de Lavadeiras (2019) e Vão das Almas (2023). Souza conta que, durante o percurso para a publicação do livro, a proposta recebeu respostas negativas de quatro editoras. Tornou-se possível depois que o trabalho foi contemplado pela iniciativa Rouanet nas Favelas. A obra foi publicada pela editora Nau e já é adotada em cursos de mestrado e doutorado em cinema, a exemplo da Universidade Federal Fluminense. A indicação ao Jabuti Acadêmico chega em um momento especial para as autoras, pois evidencia \""o reconhecimento de um trabalho silencioso e de formiguinha\"". \""Estamos muito felizes, estou explodindo de alegria. A indicação é uma grande vitória\"", celebra Edileuza Souza. A docente da UnB ainda defende a inserção de uma disciplina voltada às relações raciais nos currículos das licenciaturas, uma formação que contribuiria para preparar futuros docentes de diferentes áreas e pertencimentos raciais para compreender a diversidade da sociedade brasileira, com ênfase na educação para as relações étnico-raciais. OBRA CLÁSSICA – O professor do Departamento de Filosofia Gabriele Cornelli é finalista com uma nova tradução de Fédon, de Platão. O livro traz o último dia de Sócrates, condenado a beber veneno, com abordagens sobre conhecimento, vida filosófica, morte, alma e justiça. \""'Acreditamos que a morte seja algo?' Essa é a pergunta com que Sócrates inicia sua discussão com os amigos, em seu último dia\"", explica Cornelli. O personagem procura demonstrar que a morte não seria o fim do ser humano nem algo que um filósofo deveria temer.""]",0.0,0.0,0.9999999999,0.7669366712627431
7,Onde é sediado o XIV Congresso Brasileiro de Pesquisadores(as) Negros(as)?,"[""As primeiras mesas do III Seminário Internacional Tecendo Redes Antirracistas foram realizadas na manhã desta quarta-feira (29), no Anfiteatro 12, no Instituto Central de Ciências (ICC) do campus Darcy Ribeiro, Asa Norte. O evento celebra os dez anos da Rede Internacional de Pesquisadores Antirracistas e é parte do XIV Congresso Brasileiro de Pesquisadores(as) Negros(as) (Copene), também sediado esta semana na Universidade de Brasília.\nDurante a programação, os participantes do seminário vão discutir, entre outros temas, a educação antirracista, ações afirmativas, interseccionalidade, mobilizações sociais e experiências internacionais.\nA coordenadora-geral do Copene e professora da Faculdade de Educação (FE), Renísia Filice, ressaltou a relevância de promover as temáticas antirracistas no Brasil, “país de maior presença negra fora da África”.\n“Poder estar no Copene, que tem uma potência política tão grande, é uma oportunidade ímpar”, disse ela, ao anunciar a composição da mesa inaugural do seminário e dar as boas-vindas ao público. A docente também coordena o Consórcio Nacional dos Núcleos de Estudos Afro-Brasileiros (Conneabs).\nAs falas seguiram com a diretora de Avaliação, Monitoramento e Gestão da Informação da Secretaria de Gestão do Sistema Nacional de Promoção da Igualdade (DAMGI/Senapir/MIR), Tatiana Dias, e a diretora da FE, Liliane Machado. “O nosso propósito é sempre estarmos unidos e unidas, avançando na luta antirracista e na luta por uma gestão pública antirracista”, disse a representante do Ministério da Igualdade Racial (MIR), que é doutora em Administração pela UnB.\nA professora Liliane Machado ressaltou as parcerias estabelecidas pela FE no enfrentamento ao racismo. “As grandes transformações sociais exigem políticas públicas fundamentadas em conhecimento científico, construído em diálogo permanente com o sujeito e os territórios onde as desigualdades se manifestam”, disse ela, que defendeu o aprofundamento do diálogo com escolas, movimentos sociais, gestores públicos e povos tradicionais.\nPORTUGAL E CABO VERDE – O seminário seguiu com mesa em que se compartilharam estudos, avaliações e vivências de professores e pesquisadores negros de Portugal e de Cabo Verde. Autora do livro Tribuna Negra, que faz resgate histórico do movimento negro português, Cristina Roldão discorreu sobre as especificidades do combate ao racismo no país ibérico.\nEntre outras questões, apontou a escassez de estatísticas raciais na Europa e mencionou que mesmo os negros nascidos em Portugal são percebidos como imigrantes em um país de maioria branca.\nPesquisadora no Instituto Universitário de Lisboa e professora da Escola Superior de Educação de Setúbal, a descendente de cabo-verdianos defendeu a importância da troca de experiências em bloco, mas com preservação das diversidades.\nProfessor e pesquisador do Instituto Superior de Ciências Jurídicas e Sociais de Cabo Verde, Redy Lima trouxe um apanhado de estudos no contexto do país africano. Ele separou a fala em eixos sobre o debate racial em seu país e sobre a participação dos jovens nessa seara. Os diálogos tiveram a mediação de Leandro Bulhões, doutor em História pela UnB e professor da Universidade Federal do Ceará.\nPROGRAMAÇÃO E APOIO – ""]",O XIV Congresso Brasileiro de Pesquisadores(as) Negros(as) (Copene) também está sendo sediado na Universidade de Brasília.,Estudante Universitário,estilo de busca na web,curta,pergunta específica de etapa única,single_hop_specific_query_synthesizer,"[{""nome"": ""Coordenador de Pós-Graduação"", ""descricao_do_papel"": ""Responsável por atualizar dados no Plataforma Sucupira e coordenar a atualização dos dados pessoais e identificadores dos pós-graduandos.""}, {""nome"": ""Ana Maria"", ""descricao_do_papel"": ""Professora da Universidade de Brasília (UnB) envolvida em projetos de inovação e educação a distância, interessada em tecnologias que podem melhorar o ensino remoto.""}, {""nome"": ""Estudante Universitário"", ""descricao_do_papel"": ""Busca informações sobre estágios, bolsas de estudo e oportunidades na UnB para melhorar sua experiência acadêmica e profissional.""}]","[{""contexto"": ""As primeiras mesas do III Seminário Internacional Tecendo Redes Antirracistas foram realizadas na manhã desta quarta-feira (29), no Anfiteatro 12, no Instituto Central de Ciências (ICC) do campus Darcy Ribeiro, Asa Norte. O evento celebra os dez anos da Rede Internacional de Pesquisadores Antirracistas e é parte do XIV Congresso Brasileiro de Pesquisadores(as) Negros(as) (Copene), também sediado esta semana na Universidade de Brasília."", ""fontes"": [{""id_documento"": ""2464b9b196dde7c74b6b34628065ca8b21c28efa2942c993b29daf5d9d0e23ff"", ""titulo"": ""UnB Notícias - Seminário internacional antirracista integra congresso de pesquisadores negros"", ""url"": ""https://noticias.unb.br/ensino/8666-seminario-internacional-antirracista-integra-congresso-de-pesquisadores-negros"", ""origem"": ""noticias.unb.br"", ""data_publicacao"": ""2026-07-30T14:01:46-03:00""}]}]",O XIV Congresso Brasileiro de Pesquisadores(as) Negros(as) é sediado na Universidade de Brasília.,VERDADEIRO,"Veredito: CONFIRMADO_OFICIALMENTE
Justificativa: O XIV Congresso Brasileiro de Pesquisadores(as) Negros(as) (Copene) foi sediado na Universidade de Brasília, conforme noticiado em julho de 2026 [3].
Confiança: 0.95
Fontes: UnB Notícias - Seminário internacional antirracista integra congresso de pesquisadores negros (noticias.unb.br) https://noticias.unb.br/ensino/8666-seminario-internacional-antirracista-integra-congresso-de-pesquisadores-negros",CONFIRMADO_OFICIALMENTE,CONFIRMADO_OFICIALMENTE,True,"[{""title"": ""UnB Notícias - Seminário internacional antirracista integra congresso de pesquisadores negros"", ""url"": ""https://noticias.unb.br/ensino/8666-seminario-internacional-antirracista-integra-congresso-de-pesquisadores-negros"", ""source"": ""noticias.unb.br""}]","[""A Universidade de Brasília (UnB) promove, entre agosto e outubro, o Seminário Espírito do Tempo – Mudança de Época. O evento é resultado de parceria com a Comissão Brasileira Justiça e Paz (CBJP) e a Escola Nacional Florestan Fernandes (ENFF) e tem apoio da Fundação de Empreendimentos Científicos e Tecnológicos (Finatec), da Associação de Docentes da UnB (ADUnB), do Sindicato dos Servidores Técnico-Administrativos da Fundação da Universidade de Brasília (Sintfub) e do Diretório Central dos Estudantes Honestino Guimarães (DCE). A programação reúne especialistas para debater e refletir sobre os principais desafios do século XXI. Com cinco palestras, o primeiro bloco do evento ocorre de 24 e 28 de agosto, no Auditório da Associação dos Docentes da UnB (ADUnB), campus Darcy Ribeiro, Asa Norte, sempre às 17h. O mote são perguntas prévias captadas junto ao público, com ênfase em dez grandes temas dedicados às transformações econômicas, ambientais, tecnológicas, políticas, sociais e culturais. Entre eles, geopolítica, economia mundial, emergência climática, inteligência artificial e a relação entre política e religião. Os palestrantes serão convidados a refletir sobre os temas e as perguntas enviadas pela comunidade com uma contextualização na atualidade, a indicação de cenários possíveis para os próximos anos e a localização do Brasil no debate. Como resultado, as reflexões serão reunidas em um livro, que será publicado após o segundo bloco do seminário, a ser realizado de 28 de setembro a 2 de outubro. Para contribuir com o debate, a comunidade já pode fazer perguntas por meio de formulário on-line, onde, em seguida, também poderá realizar as inscrições para cada palestra. De acordo com a reitora Rozana Naves, a iniciativa tem o objetivo de ouvir e mobilizar a comunidade em torno de temas relevantes. “Com este evento, esperamos contribuir com a reflexão teórica brasileira sobre temas centrais da realidade; reafirmar a defesa da democracia, a luta contra as desigualdades e a justiça socioambiental; além de refletir, de forma criativa, crítica e transdisciplinar, sobre temas e controvérsias que desafiam a humanidade”, explica. O evento também se propõe a fortalecer o espaço de produção do conhecimento, o diálogo democrático e a construção coletiva de alternativas para os desafios do presente e do futuro."", ""A Universidade de Brasília lança oficialmente, no início do primeiro semestre letivo de 2026, a campanha institucional Democracia todos os dias: aprender, praticar, viver. O tema orientará as ações da Universidade ao longo do ano e destaca a instituição como um espaço público em que a pluralidade de ideias, trajetórias e saberes se transforma em participação social concreta. A campanha traz como conceito central a UnB como um lugar onde a democracia se constrói todos os dias, reafirmando a universidade pública como ambiente estruturante da democracia brasileira. A proposta evidencia que a democracia não se limita às instituições formais, mas se manifesta diariamente nas atividades de ensino, pesquisa, extensão, gestão e convivência universitária. Durante a apresentação do conceito ao colegiado máximo da Universidade, o Conselho Universitário, em janeiro, a reitora Rozana Naves destacou que o tema dialoga diretamente com a identidade histórica das universidades públicas brasileiras. Segundo ela, o contexto contemporâneo exige fortalecimento permanente das práticas democráticas. “A campanha reafirma a nossa identidade como espaço democrático e a necessidade de mantermos unidade e coesão na defesa da democracia”, afirmou, ao mencionar também o debate nacional sobre a autonomia universitária e os processos de escolha de dirigentes das instituições federais de ensino superior. >> Acesse aqui os arquivos da campanha Democracia todos os dias: aprender, praticar, viver VALOR COTIDIANO – A campanha parte da compreensão de que a Universidade é mais do que um espaço de formação acadêmica: trata-se de um ecossistema democrático vivo, onde diferenças coexistem, dialogam e produzem transformação social. Nesse contexto, a democracia aparece como experiência concreta, construída no cotidiano da vida universitária. O conceito da campanha se organiza em quatro eixos simbólicos que ajudam a traduzir esse entendimento: Pluralidade – a diversidade de corpos, saberes, territórios e trajetórias que compõem a comunidade universitária; Pertencimento – a Universidade como espaço público compartilhado e casa comum da comunidade acadêmica; Unidade – o sentido coletivo que emerge do diálogo entre diferentes perspectivas; Ação democrática – a democracia vivida como prática diária, e não apenas como princípio abstrato. A identidade visual da campanha foi desenvolvida pela equipe de design da Secretaria de Comunicação (Secom). O secretário de Comunicação da UnB, João José Azevedo Curvello, conta que a campanha emergiu de um processo de construção coletiva."", ""As primeiras mesas do III Seminário Internacional Tecendo Redes Antirracistas foram realizadas na manhã desta quarta-feira (29), no Anfiteatro 12, no Instituto Central de Ciências (ICC) do campus Darcy Ribeiro, Asa Norte. O evento celebra os dez anos da Rede Internacional de Pesquisadores Antirracistas e é parte do XIV Congresso Brasileiro de Pesquisadores(as) Negros(as) (Copene), também sediado esta semana na Universidade de Brasília. Durante a programação, os participantes do seminário vão discutir, entre outros temas, a educação antirracista, ações afirmativas, interseccionalidade, mobilizações sociais e experiências internacionais. A coordenadora-geral do Copene e professora da Faculdade de Educação (FE), Renísia Filice, ressaltou a relevância de promover as temáticas antirracistas no Brasil, “país de maior presença negra fora da África”. “Poder estar no Copene, que tem uma potência política tão grande, é uma oportunidade ímpar”, disse ela, ao anunciar a composição da mesa inaugural do seminário e dar as boas-vindas ao público. A docente também coordena o Consórcio Nacional dos Núcleos de Estudos Afro-Brasileiros (Conneabs). As falas seguiram com a diretora de Avaliação, Monitoramento e Gestão da Informação da Secretaria de Gestão do Sistema Nacional de Promoção da Igualdade (DAMGI/Senapir/MIR), Tatiana Dias, e a diretora da FE, Liliane Machado. “O nosso propósito é sempre estarmos unidos e unidas, avançando na luta antirracista e na luta por uma gestão pública antirracista”, disse a representante do Ministério da Igualdade Racial (MIR), que é doutora em Administração pela UnB. A professora Liliane Machado ressaltou as parcerias estabelecidas pela FE no enfrentamento ao racismo. “As grandes transformações sociais exigem políticas públicas fundamentadas em conhecimento científico, construído em diálogo permanente com o sujeito e os territórios onde as desigualdades se manifestam”, disse ela, que defendeu o aprofundamento do diálogo com escolas, movimentos sociais, gestores públicos e povos tradicionais. PORTUGAL E CABO VERDE – O seminário seguiu com mesa em que se compartilharam estudos, avaliações e vivências de professores e pesquisadores negros de Portugal e de Cabo Verde. Autora do livro Tribuna Negra, que faz resgate histórico do movimento negro português, Cristina Roldão discorreu sobre as especificidades do combate ao racismo no país ibérico. Entre outras questões, apontou a escassez de estatísticas raciais na Europa e mencionou que mesmo os negros nascidos em Portugal são percebidos como imigrantes em um país de maioria branca."", ""A delegação de estudantes-atletas da Universidade de Brasília (UnB) disputa os Jogos Universitários Brasileiros (JUBs) de 2026, que tiveram início em 23 de agosto e seguem até 5 de setembro. A maior competição universitária da América Latina, conhecida como “olimpíada universitária”, acontece nas cidades de Goiânia e Trindade, em Goiás. De acordo com a Confederação Brasileira do Desporto Universitário (CBDU), promotora da competição, a edição goiana deve reunir mais de 7 mil participantes de todo o país, em 30 praças esportivas das duas cidades. O Boulevard dos Atletas, instalado no Centro de Convenções de Goiânia (CCGO), será o principal ponto de encontro das delegações durante as duas semanas de disputas. O diretor de Esportes e Atividades Comunitárias (CEL/Deac/DAC) da UnB, Pedro Ivo Barbosa, lembra que a Instituição tem um histórico no campeonato: “já é uma tradição da UnB participar dos JUBs”. Em relação às participações mais recentes, na campanha de 2025, realizada em Natal (RN), a UnB contou com 65 estudantes-atletas e conquistou 14 medalhas em sete das 22 modalidades. O saldo superou em uma medalha o da edição de 2024, em Brasília (DF), e foi o dobro do alcançado nos jogos de 2023, em Joinville (SC). COMPETIÇÃO – Este ano, a equipe da UnB contará com 115 integrantes, entre oficiais, técnicos e 108 estudantes-atletas, e disputará em 22 modalidades esportivas. Em algumas, a instituição mantém participação contínua há cerca de uma década, como o handebol, enquanto vem ganhando espaço em outras, como os esportes eletrônicos. Este ano, há ainda uma nova modalidade, o kart, que contará com os competidores Samuel Gontijo e Bruna Lameira. Eles garantiram as vagas do Distrito Federal. \""A oportunidade de participar dos jogos em uma modalidade inaugural me anima bastante\"", comenta Samuel, mestrando em Direito na UnB. \""Torço para que o nível da competição seja alto e para que possamos apresentar ao público o nosso esporte\"", afirma o atleta. Outro esporte com participação da UnB é o cheerleading, que em 2025 levou a instituição ao topo do pódio por três vezes. O desempenho tornou possível a participação da equipe este ano no Mundial Universitário, na Suécia. “Os JUBs sempre proporciona uma experiência muito leve e diferenciada, com interação entre atletas de várias modalidades e estados”, conta Ana Beatriz, estudante de Educação Física, que integra o time pela terceira vez. Luzia Fernandes, que também cursa Educação Física, é atleta de jiu-jitsu desde 2022.""]",0.75,1.0,0.3333333333,0.7328939951405473
8,Qual a diferença entre painéis e mesas nos eventos da UnB?,"[""A ampla programação do seminário internacional e do congresso segue até sexta-feira (31), no campus Darcy Ribeiro. Painéis, mesas, minicursos, oficinas, apresentações culturais e lançamentos de livros estão entre as atividades.\n O Copene abriga, ainda, o II Seminário Nacional Redes Antirracistas MIR-UnB, que abrange temas como racismo religioso, assistência jurídica a vítimas de racismo e pesquisas produzidas por cientistas negros. A primeira edição desse seminário também foi sediada na UnB, em 2025.\nOs ministrantes e participantes dos eventos representam universidades, institutos, centros de pesquisa e outras organizações das cinco regiões do país, da África e da Europa. O evento tem apoio dos ministérios da Igualdade Racial (MIR) e da Educação (MEC), do Conselho Nacional de Desenvolvimento Científico e Tecnológico (CNPq) e da Fundação de Apoio à Pesquisa do Distrito Federal (FAPDF).""]","Painéis, mesas, minicursos, oficinas, apresentações culturais e lançamentos de livros estão entre as atividades do seminário internacional e do congresso. No entanto, o termo 'mesas' não aparece no contexto fornecido, então a resposta se baseia apenas nos painéis mencionados.",Ana Maria,com erros ortográficos,longa,pergunta específica de etapa única,single_hop_specific_query_synthesizer,"[{""nome"": ""Coordenador de Pós-Graduação"", ""descricao_do_papel"": ""Responsável por atualizar dados no Plataforma Sucupira e coordenar a atualização dos dados pessoais e identificadores dos pós-graduandos.""}, {""nome"": ""Ana Maria"", ""descricao_do_papel"": ""Professora da Universidade de Brasília (UnB) envolvida em projetos de inovação e educação a distância, interessada em tecnologias que podem melhorar o ensino remoto.""}, {""nome"": ""Estudante Universitário"", ""descricao_do_papel"": ""Busca informações sobre estágios, bolsas de estudo e oportunidades na UnB para melhorar sua experiência acadêmica e profissional.""}]","[{""contexto"": ""A ampla programação do seminário internacional e do congresso segue até sexta-feira (31), no campus Darcy Ribeiro. Painéis, mesas, minicursos, oficinas, apresentações culturais e lançamentos de livros estão entre as atividades."", ""fontes"": []}]",Painéis e mesas são ambos formatos utilizados nos eventos da UnB para discussão de temas.,VERDADEIRO,"Veredito: BOATO_SEM_REGISTRO
Justificativa: As evidências fornecidas não mencionam formatos de eventos como painéis ou mesas, tratando apenas de atividades gerais, seminários e visitas ao museu.
Confiança: 0.95",CONFIRMADO_OFICIALMENTE,BOATO_SEM_REGISTRO,False,[],"[""disponibilizou tutorial e modelo de submissão com o passo a passo. Acesse aqui. DESTAQUES – Momento de encontro, diálogo e integração entre a comunidade acadêmica e a sociedade, a Semana Universitária promove a circulação da produção acadêmica, científica, cultural e de inovação da UnB nas mais diversas áreas do saber. É também uma oportunidade para que estudantes de escolas do Distrito Federal e do Entorno possam se ambientar à Universidade e conhecer estrutura, formas de ingresso e cursos da instituição. Leonardo Petrus salienta o enfoque da chamada de 2026 na integração entre extensão, ensino e pesquisa. \""O edital passa a incluir explicitamente o objetivo de fomentar ações em rede, envolvendo diferentes departamentos e cursos de uma mesma unidade acadêmica, em diálogo com a inserção curricular da extensão e com os novos critérios de avaliação da pós-graduação\"", observa o diretor da DTE/DEX. Este ano, o edital oferta 146 bolsas de extensão para estudantes se envolverem nas atividades de planejamento, organização e realização do evento. Em relação ao modelo de distribuição de recursos e bolsas, a alocação se dará em proporção ao percentual de ações de extensão concluídas por cada unidade acadêmica em 2025. O quantitativo está disponível no anexo V do edital. Além do apoio financeiro, as unidades contarão com transporte disponibilizado para a visitação de estudantes da educação básica aos campi da UnB. A programação da comunidade irá se somar às atividades permanentes realizadas a cada ano, entre elas: a Mostra de Cursos, com estandes para apresentação das graduações da Universidade e para interação entre comunidade acadêmica e escolas; o Encontro de Estudantes Extensionistas, dedicado à apresentação de projetos de extensão em vigência na instituição; e a Corrida e Caminhada UnB/HUB, com trajeto pelo campus Darcy Ribeiro. *Data de submissão prevista inicialmente no edital de lançamento (18/7) foi prorrogada, conforme comunicado do DEX de retificação da chamada. EXTENSÃO ATENÇÃO – As informações, as fotos e os textos podem ser usados e reproduzidos, integral ou parcialmente, desde que a fonte seja devidamente citada e que não haja alteração de sentido em seus conteúdos. Crédito para textos: nome do repórter/Secom UnB ou Secom UnB. Crédito para fotos: nome do fotógrafo/Secom UnB. DEX recebe propostas de atividades para a 26ª Semana Universitária Edital para submissão de ações tem inscrições até 18 de agosto, pelo Sigaa. Semuni ocorre em setembro, nos quatro campi - Da Secretaria de Comunicação da UnB."", ""justiça socioambiental; além de refletir, de forma criativa, crítica e transdisciplinar, sobre temas e controvérsias que desafiam a humanidade”, explica. O evento também se propõe a fortalecer o espaço de produção do conhecimento, o diálogo democrático e a construção coletiva de alternativas para os desafios do presente e do futuro. >> Envie perguntas e inscreva-se PALESTRAS – Os debates têm início em 24 de agosto, com o tema A Nova Ordem Mundial: Geopolítica, Multipolaridade e Sul Global, sob condução do jornalista e correspondente internacional Jamil Chade e da economista mexicana Ana Esther Ceceña. A dupla discutirá sobre as transformações na arquitetura do poder mundial, as disputas geopolíticas entre grandes potências e o papel do Brasil em um cenário de desafios como segurança energética e mudanças climáticas. No dia 25 de agosto, o tema central será Economia Mundial, Desigualdade e Desenvolvimento em Tempos de Crise, com palestras do professor e especialista em finanças José Kobori e da economista Juliane Furno. Eles farão uma reflexão sobre os impactos das crises econômicas e do avanço das economias emergentes, discutindo alternativas para um desenvolvimento mais inclusivo e sustentável. A agenda do dia 26 de agosto será sobre Emergência Climática, Transição Ecológica e Disputa por Recursos Estratégicos. Estarão presentes a professora do Instituto de Ciências Biológicas (IB) da UnB Mercedes Bustamante, referência internacional em pesquisas sobre mudanças climáticas, e a pesquisadora e ativista indígena Eva Potiguara. Serão abordados os impactos da crise climática e o papel do Brasil em pressões externas, em conflitos territoriais e como ator com capacidade de influenciar os termos da transição ecológica global. O primeiro bloco conta ainda, no dia 27 de agosto, com o debate Inteligência Artificial, Desinformação e Poder das Plataformas Digitais, guiado pela jornalista e coordenadora do Comitê Gestor da Internet no Brasil (CGI.br), Renata Mielli, e pelo cientista da computação Virgílio Almeida. Eles tratarão dos desafios éticos, sociais e políticos da inteligência artificial; da disseminação da desinformação; e da regulação das plataformas digitais. Encerra a semana, em 28 de agosto, a mesa A Interseção entre Política e Religião, com o teólogo católico Jung Mo Sung e a socióloga Christina Vital da Cunha. A discussão será em torno de como os valores religiosos influenciam a vida pública, as democracias contemporâneas e os debates sobre direitos, participação política e justiça social."", ""a formação de profissionais da saúde, o museu desempenha papel importante na divulgação científica. Escolas de diferentes estados visitam o espaço como forma de ampliar horizontes e estimular o interesse pelo ensino superior. Um grupo de estudantes de Novo Repartimento, no Pará, esteve recentemente na UnB para conhecer o museu. Para o professor de História Matusalém Brito, a experiência vai além do conteúdo escolar. “O objetivo é que eles conheçam novas possibilidades, tenham contato com outras realidades e se sintam motivados a continuar estudando”, afirma. O impacto da visita é percebido pelos próprios alunos. “Ter esse contato de perto dá um gás muito grande. Dá vontade de estudar ainda mais para chegar aqui”, conta o estudante Nikolas Hemilton. A aluna Gabrielly Moreira também destaca o efeito da experiência. “Quando você vê tudo de perto, amplia a sua visão do que pode aprender e conquistar”, diz. AGENDAMENTOS – O Museu de Anatomia Humana da UnB recebe grupos escolares e visitantes interessados ao longo do ano. As visitas são agendadas previamente pelo site oficial do museu. Ao integrar ensino, pesquisa e extensão, o espaço reafirma o compromisso da Universidade de Brasília com a formação qualificada, a produção de conhecimento e a aproximação com a sociedade. Confira matéria da UnBTV sobre o Museu de Anatomia Humana: *com informações da UnBTV.."", ""Docentes são indicados para coordenações de área na CAPES (2026-2030) O Decanato de Pós-Graduação (DPG) manifesta seu reconhecimento e parabeniza os docentes da UnB indicados pela CAPES para as funções de Coordenador e Coordenadores Adjuntos. A nomeação para o quadriênio 2026-2030 reforça a excelência acadêmica de nossa instituição e sua liderança estratégica na pós-graduação nacional. Parabenizamos os professores: Prof. Luiz Cesar de Sa Junior – Coordenador da área de História. Profa. Danusa Marques – Coordenadora Adjunta da área de Ciência Política e Relações Internacionais. Prof. Guilherme Martins Gelfuso – Coordenador Adjunto da área de Farmácia. Profa. Taia Maria Berto Rezende – Coordenadora Adjunta da área de Biotecnologia. Desejamos aos novos coordenadores um ciclo de muito sucesso e contribuições valiosas para o desenvolvimento científico do país.""]",0.0,0.3333333333333333,0.9999999999,0.38173853691601867
9,Qual é a data de término do segundo semestre letivo de 2026?,"[""Título: UnB Notícias - Vêm aí as matrículas para o segundo semestre de 2026\n\nAlô, universitários! Nos próximos dias, tem início o período de solicitação de matrícula para o segundo semestre letivo de 2026. Para os estudantes de graduação, a requisição deve ser realizada de 27 a 29 de julho; já para os alunos de pós-graduação, o período vai de 31 de julho a 7 de agosto. A lista de disciplinas ofertadas estará disponível no Sistema Integrado de Gestão de Atividades Acadêmicas (Sigaa), plataforma por onde as matrículas devem ser realizadas.\nSe você é calouro, não precisa se preocupar com esta etapa, pois a matrícula é feita automaticamente pela Universidade. A grade de horários dos ingressantes será disponibilizada antes do início das aulas.\nVale lembrar que as aulas começam em 10 de agosto e o semestre termina em 14 de dezembro.\n""]",O semestre termina em 14 de dezembro.,Coordenador de Pós-Graduação,gramática informal,média,pergunta específica de etapa única,single_hop_specific_query_synthesizer,"[{""nome"": ""Coordenador de Pós-Graduação"", ""descricao_do_papel"": ""Responsável por atualizar dados no Plataforma Sucupira e coordenar a atualização dos dados pessoais e identificadores dos pós-graduandos.""}, {""nome"": ""Ana Maria"", ""descricao_do_papel"": ""Professora da Universidade de Brasília (UnB) envolvida em projetos de inovação e educação a distância, interessada em tecnologias que podem melhorar o ensino remoto.""}, {""nome"": ""Estudante Universitário"", ""descricao_do_papel"": ""Busca informações sobre estágios, bolsas de estudo e oportunidades na UnB para melhorar sua experiência acadêmica e profissional.""}]","[{""contexto"": ""Título: UnB Notícias - Vêm aí as matrículas para o segundo semestre de 2026"", ""fontes"": [{""id_documento"": ""5bb16b55f76e35da41ee37324aa1909482bb00c3d3b32cc5c39f4ee2de22d358"", ""titulo"": ""UnB Notícias - Vêm aí as matrículas para o segundo semestre de 2026"", ""url"": ""https://noticias.unb.br/ensino/8660-vem-ai-as-matriculas-para-o-segundo-semestre-de-2026"", ""origem"": ""noticias.unb.br"", ""data_publicacao"": ""2026-07-23T15:18:58-03:00""}]}]",O segundo semestre letivo de 2026 termina em 14 de dezembro.,VERDADEIRO,"Veredito: CONFIRMADO_OFICIALMENTE
Justificativa: A informação sobre o término do segundo semestre letivo de 2026 em 14 de dezembro é confirmada oficialmente pela fonte da UnB [1].
Confiança: 0.95
Fontes: UnB Notícias - Vêm aí as matrículas para o segundo semestre de 2026 (noticias.unb.br) https://noticias.unb.br/ensino/8660-vem-ai-as-matriculas-para-o-segundo-semestre-de-2026",CONFIRMADO_OFICIALMENTE,CONFIRMADO_OFICIALMENTE,True,"[{""title"": ""UnB Notícias - Vêm aí as matrículas para o segundo semestre de 2026"", ""url"": ""https://noticias.unb.br/ensino/8660-vem-ai-as-matriculas-para-o-segundo-semestre-de-2026"", ""source"": ""noticias.unb.br""}]","[""Alô, universitários! Nos próximos dias, tem início o período de solicitação de matrícula para o segundo semestre letivo de 2026. Para os estudantes de graduação, a requisição deve ser realizada de 27 a 29 de julho; já para os alunos de pós-graduação, o período vai de 31 de julho a 7 de agosto. A lista de disciplinas ofertadas estará disponível no Sistema Integrado de Gestão de Atividades Acadêmicas (Sigaa), plataforma por onde as matrículas devem ser realizadas. Se você é calouro, não precisa se preocupar com esta etapa, pois a matrícula é feita automaticamente pela Universidade. A grade de horários dos ingressantes será disponibilizada antes do início das aulas. Vale lembrar que as aulas começam em 10 de agosto e o semestre termina em 14 de dezembro. DICAS E ETAPAS – Esse é o período que concentra o maior número de acessos simultâneos ao Sigaa, mas não precisa se desesperar. Basta conferir a oferta de disciplinas e optar pela melhor composição de grade para conciliar com seus horários. Algumas orientações ajudam os estudantes na hora de realizar o procedimento. “O maior problema que ainda persiste na matrícula é o aluno solicitar vaga em turno distinto ao da sua turma e, quando chega o período de rematrícula, as vagas na turma do turno dele já estão preenchidas”, explica Henrique Soares, secretário de Administração Acadêmica (SAA). Por isso, durante a matrícula, é recomendável que os alunos busquem as turmas que estão reservadas para seu curso e turno. De modo geral, Henrique recomenda atenção aos alunos. “É importante observar bem os prazos e se organizar para fazer a matrícula com antecedência, para evitar imprevistos nas últimas horas que acabam prejudicando o aluno”, comenta. Para realizar a solicitação, os estudantes devem acessar o portal do Sigaa com matrícula e senha institucional, entrar em Portal do Discente → Ensino → Matrícula On-line e selecionar as disciplinas e turmas desejadas. Antes da solicitação, é possível consultar as disciplinas ofertadas, verificar a quantidade de vagas disponíveis, os docentes responsáveis e os pré-requisitos de cada componente curricular. Após o encerramento do prazo, o sistema realiza o processamento automático e informa quais solicitações foram deferidas ou indeferidas. Os alunos de graduação que não conseguirem vaga nas disciplinas desejadas poderão participar da rematrícula, nos dias 3 e 4 de agosto."", ""Em sua 693ª reunião, o Conselho de Ensino, Pesquisa e Extensão (Cepe) aprovou o calendário letivo de 2027 – do primeiro e segundo semestres – e o de verão de 2028. O encontro do colegiado ocorreu no último dia 18 de junho, no auditório da Reitoria, campus Darcy Ribeiro, Asa Norte. De acordo com a decisão do Cepe, as aulas do 1º/2027 vão de 15 de março a 16 de julho e as do 2º/2027 vão de 9 de agosto a 16 de dezembro. Já os cursos de verão de 2028 começam em 10 de janeiro e finalizam em 15 de fevereiro. O vice-reitor Márcio Muniz informou que, a partir de 2027, a atividade de extensão Semana da África será instituída como atividade oficial no calendário acadêmico. O evento passará a incluir ações com todos os estudantes estrangeiros, ampliando seu escopo. A denominação original se mantém. Durante a reunião, também foi discutida a possibilidade de promover ajustes para que estudantes das licenciaturas consigam realizar as práticas pedagógicas nas escolas de forma a ter melhor aproveitamento dos calendários letivos das instituições. O tema surgiu a partir de avaliação do docente Edison Ishikawa, do Departamento de Ciências da Computação (CIC/IE). “A falta de coincidência entre os calendários compromete o aproveitamento dos estudantes nessas atividades e gera questões burocráticas”, disse. Ficou resolvido que a questão será encaminhada para a Comissão Permanente das Licenciaturas (CPel/DEG), conforme informou Tiago Araújo, decano de Ensino de Graduação. \""Veremos possibilidades de deixar os calendários mais próximos”, comentou. INGRESSO – A reunião aprovou ainda resolução que define a distribuição de vagas nos processos seletivos para ingresso primário nos cursos de graduação de oferta regular da Universidade de Brasília. Conforme deliberação, haverá faixas de cursos que terão vagas de ingresso, no primeiro semestre letivo, distribuídas com foco nacional, via Sisu, e local, via Programa de Avaliação Seriada (PAS). Cada faixa terá uma proporção de distribuição. No segundo semestre letivo, as vagas serão distribuídas entre Vestibular e Acesso Enem, na proporção de 50% para cada modalidade. A definição está normatizada na Resolução nº 0130/2026 do Cepe. Foi destacado na reunião que a resolução propõe que as unidades acadêmicas gozem de autonomia e flexibilidade para ajustar a distribuição de vagas, de acordo com a sua realidade e os dados de ingresso e fundamentação apresentada ao DEG. A decisão deu-se com foco no aproveitamento máximo nas vagas da Universidade."", ""pessoas que chegam aos campi no início do semestre e a boa convivência entre todos demonstra como a Universidade é espaço para o aprendizado, a prática e a vivência da democracia, todos os dias. Esse inclusive é o mote da campanha institucional de 2026 da UnB, lançada nesta segunda (16). BOAS-VINDAS – Dezenas de atividades tiveram início juntamente com o semestre, a fim de acolher estudantes. A Prosa com a Reitora é o evento principal de recepção neste semestre e está marcado para quinta-feira (19), no Anfiteatro 9, campus Darcy Ribeiro. A programação de boas-vindas pode ser conferida na íntegra aqui. Além das atividades de recepção, os espaços físicos receberam atenção especial e foram incluídos nos preparativos para o início das aulas. Controle de pragas, limpeza nos prédios e áreas de uso comum, instalação de contêineres e lixeiras, reposição de mobiliário, obras de manutenção predial, elétrica e hidráulica, investimentos em mobilidade e paisagismo estão entre as principais ações realizadas pela Prefeitura da UnB durante o recesso acadêmico. Destaque para a implantação do laboratório do novo curso de bacharelado em Inteligência Artificial, plantio de novas árvores nos campi, novo ciclo do Jardim de Sequeiro, retomada das atividades de extensão do Viveiro Escola – com iniciativas como a Casa de Chás e o Meliponário –, e o novo contrato para operação do transporte intercampi, que facilitará o deslocamento dos estudantes entre as diferentes unidades acadêmicas.."", ""O Decanato de Extensão (DEX) está com dois importantes editais lançados. As oportunidades são para a Rede de Polos de Extensão (Repe), com inscrições prorrogadas até 12 de abril, e para a Rede de Museus e Acervos da UnB (Rede Musa), com submissões até 10 de abril. São ações que se aliam aos propósitos da campanha institucional de 2026 Democracia todos os dias: aprender, praticar, viver, para promoção de uma Universidade participativa e engajada com as demandas sociais. A primeira das oportunidades tem como foco desenvolver atividades na Região Integrada de Desenvolvimento do Distrito Federal (Ride), priorizando comunidades em situação de vulnerabilidade. Assim, o edital DEX nº 06/2026 busca docentes ou técnicos com interesse em coordenar projetos de extensão voltados à atuação na Repe. “A Repe consolida o papel social da UnB por meio de um programa que conecta o conhecimento acadêmico aos saberes comunitários e atua orientado à transformação social. Ainda, contribui para que o corpo estudantil, docente e técnico construa soluções em parceria direta com a sociedade civil e com atores governamentais\"", destaca a diretora de Desenvolvimento e Integração Social do DEX, Fernanda Natasha. Ela explica que, para viabilizar essas ações, o edital Repe apresenta-se de forma descentralizada em sete polos de extensão, com financiamento direto para as equipes. O edital prevê o pagamento de 72 bolsas de auxílio ao pesquisador, para docentes ou técnicos, no valor de R$ 1,5 mil, e mais 146 bolsas de extensão para discentes no valor de R$ 700 mensais, de maio a dezembro de 2026. Para concorrer, os interessados devem preencher formulário on-line. Caso o projeto seja contemplado com bolsa, o servidor docente ou técnico responsável deve fazer a submissão no Sistema Integrado de Gestão de Atividades Acadêmicas (Sigaa), no prazo estabelecido no edital. Fernanda destaca ainda que a distribuição das iniciativas respeita as especificidades e o tempo de atuação em cada território: o polo da Ceilândia abrigará 15 projetos; já o do Setor Comercial Sul e o de Planaltina contarão com cinco projetos cada. Para cada um dos demais polos da rede – Recanto das Emas, Paranoá/Itapoã/São Sebastião, Chapada dos Veadeiros e Território Kalunga –, serão destinados dez projetos. \""Destaca-se ainda o compromisso com a equidade, com a reserva de 50% das bolsas para estudantes cotistas e 30% das vagas de coordenação para proponentes negros, indígenas, pessoas trans e pessoas com deficiência\"", salienta.""]",0.0,0.5,0.9999999999,0.40340037364394116
10,Qual é o período específico para a matrícula de pós-graduação no segundo semestre de 2026 e quais etapas os alunos devem seguir para realizar essa matrícula?,"[""<1-hop>\n\nDICAS E ETAPAS – Esse é o período que concentra o maior número de acessos simultâneos ao Sigaa, mas não precisa se desesperar. Basta conferir a oferta de disciplinas e optar pela melhor composição de grade para conciliar com seus horários. Algumas orientações ajudam os estudantes na hora de realizar o procedimento.\n“O maior problema que ainda persiste na matrícula é o aluno solicitar vaga em turno distinto ao da sua turma e, quando chega o período de rematrícula, as vagas na turma do turno dele já estão preenchidas”, explica Henrique Soares, secretário de Administração Acadêmica (SAA). Por isso, durante a matrícula, é recomendável que os alunos busquem as turmas que estão reservadas para seu curso e turno.\nDe modo geral, Henrique recomenda atenção aos alunos. “É importante observar bem os prazos e se organizar para fazer a matrícula com antecedência, para evitar imprevistos nas últimas horas que acabam prejudicando o aluno”, comenta.\nPara realizar a solicitação, os estudantes devem acessar o portal do Sigaa com matrícula e senha institucional, entrar em Portal do Discente → Ensino → Matrícula On-line e selecionar as disciplinas e turmas desejadas.\nAntes da solicitação, é possível consultar as disciplinas ofertadas, verificar a quantidade de vagas disponíveis, os docentes responsáveis e os pré-requisitos de cada componente curricular. Após o encerramento do prazo, o sistema realiza o processamento automático e informa quais solicitações foram deferidas ou indeferidas.\nOs alunos de graduação que não conseguirem vaga nas disciplinas desejadas poderão participar da rematrícula, nos dias 3 e 4 de agosto. Já a matrícula extraordinária acontece entre 7 e 14 de agosto e é feita pela coordenação do curso, com inclusão em disciplina solicitada pelo estudante.\nDepois da conclusão de todas as etapas, os estudantes poderão consultar no Sigaa o comprovante de matrícula e a grade definitiva de horários. Há ainda a possibilidade de solicitar dupla diplomação e mudança de curso, a partir de 14 de setembro; trancamento parcial automático, até 9 de outubro; e trancamento geral automático, até 12 de novembro.\nDe 31 de julho a 7 de agosto, os alunos de pós-graduação poderão realizar matrícula e ajustes em disciplinas requeridas. O calendário acadêmico da pós também prevê outras datas importantes, como o trancamento parcial, até 9 de outubro; e o trancamento geral, até 14 de dezembro."", ""<2-hop>\n\nTítulo: UnB Notícias - Vêm aí as matrículas para o segundo semestre de 2026\n\nAlô, universitários! Nos próximos dias, tem início o período de solicitação de matrícula para o segundo semestre letivo de 2026. Para os estudantes de graduação, a requisição deve ser realizada de 27 a 29 de julho; já para os alunos de pós-graduação, o período vai de 31 de julho a 7 de agosto. A lista de disciplinas ofertadas estará disponível no Sistema Integrado de Gestão de Atividades Acadêmicas (Sigaa), plataforma por onde as matrículas devem ser realizadas.\nSe você é calouro, não precisa se preocupar com esta etapa, pois a matrícula é feita automaticamente pela Universidade. A grade de horários dos ingressantes será disponibilizada antes do início das aulas.\nVale lembrar que as aulas começam em 10 de agosto e o semestre termina em 14 de dezembro.\n""]","O período específico para a matrícula de pós-graduação no segundo semestre de 2026 é de 31 de julho a 7 de agosto. Para realizar a matrícula, os alunos devem acessar o Sistema Integrado de Gestão de Atividades Acadêmicas (Sigaa), entrar em Portal do Discente → Ensino → Matrícula On-line e selecionar as disciplinas e turmas desejadas. Antes da solicitação, é possível consultar as disciplinas ofertadas, verificar a quantidade de vagas disponíveis, os docentes responsáveis e os pré-requisitos de cada componente curricular.",,,,pergunta específica de múltiplas etapas,multi_hop_specific_query_synthesizer,"[{""nome"": ""Coordenador de Pós-Graduação"", ""descricao_do_papel"": ""Responsável por atualizar dados no Plataforma Sucupira e coordenar a atualização dos dados pessoais e identificadores dos pós-graduandos.""}, {""nome"": ""Ana Maria"", ""descricao_do_papel"": ""Professora da Universidade de Brasília (UnB) envolvida em projetos de inovação e educação a distância, interessada em tecnologias que podem melhorar o ensino remoto.""}, {""nome"": ""Estudante Universitário"", ""descricao_do_papel"": ""Busca informações sobre estágios, bolsas de estudo e oportunidades na UnB para melhorar sua experiência acadêmica e profissional.""}]","[{""contexto"": ""<1-hop>"", ""fontes"": [{""id_documento"": ""5bb16b55f76e35da41ee37324aa1909482bb00c3d3b32cc5c39f4ee2de22d358"", ""titulo"": ""UnB Notícias - Vêm aí as matrículas para o segundo semestre de 2026"", ""url"": ""https://noticias.unb.br/ensino/8660-vem-ai-as-matriculas-para-o-segundo-semestre-de-2026"", ""origem"": ""noticias.unb.br"", ""data_publicacao"": ""2026-07-23T15:18:58-03:00""}]}, {""contexto"": ""<2-hop>"", ""fontes"": [{""id_documento"": ""5bb16b55f76e35da41ee37324aa1909482bb00c3d3b32cc5c39f4ee2de22d358"", ""titulo"": ""UnB Notícias - Vêm aí as matrículas para o segundo semestre de 2026"", ""url"": ""https://noticias.unb.br/ensino/8660-vem-ai-as-matriculas-para-o-segundo-semestre-de-2026"", ""origem"": ""noticias.unb.br"", ""data_publicacao"": ""2026-07-23T15:18:58-03:00""}]}]",O período específico para a matrícula de pós-graduação no segundo semestre de 2026 ocorre entre 27 a 29 de julho.,FALSO,"Veredito: BOATO_SEM_REGISTRO
Justificativa: A alegação está incorreta, pois o período de matrícula para a pós-graduação no segundo semestre de 2026 ocorre de 31 de julho a 7 de agosto, e não de 27 a 29 de julho [1]. As datas citadas na alegação referem-se, na verdade, ao período de matrícula dos estudantes de graduação [1]…
Confiança: 0.95
Fontes: UnB Notícias - Vêm aí as matrículas para o segundo semestre de 2026 (noticias.unb.br) https://noticias.unb.br/ensino/8660-vem-ai-as-matriculas-para-o-segundo-semestre-de-2026",BOATO_SEM_REGISTRO,BOATO_SEM_REGISTRO,True,"[{""title"": ""UnB Notícias - Vêm aí as matrículas para o segundo semestre de 2026"", ""url"": ""https://noticias.unb.br/ensino/8660-vem-ai-as-matriculas-para-o-segundo-semestre-de-2026"", ""source"": ""noticias.unb.br""}]","[""Alô, universitários! Nos próximos dias, tem início o período de solicitação de matrícula para o segundo semestre letivo de 2026. Para os estudantes de graduação, a requisição deve ser realizada de 27 a 29 de julho; já para os alunos de pós-graduação, o período vai de 31 de julho a 7 de agosto. A lista de disciplinas ofertadas estará disponível no Sistema Integrado de Gestão de Atividades Acadêmicas (Sigaa), plataforma por onde as matrículas devem ser realizadas. Se você é calouro, não precisa se preocupar com esta etapa, pois a matrícula é feita automaticamente pela Universidade. A grade de horários dos ingressantes será disponibilizada antes do início das aulas. Vale lembrar que as aulas começam em 10 de agosto e o semestre termina em 14 de dezembro. DICAS E ETAPAS – Esse é o período que concentra o maior número de acessos simultâneos ao Sigaa, mas não precisa se desesperar. Basta conferir a oferta de disciplinas e optar pela melhor composição de grade para conciliar com seus horários. Algumas orientações ajudam os estudantes na hora de realizar o procedimento. “O maior problema que ainda persiste na matrícula é o aluno solicitar vaga em turno distinto ao da sua turma e, quando chega o período de rematrícula, as vagas na turma do turno dele já estão preenchidas”, explica Henrique Soares, secretário de Administração Acadêmica (SAA). Por isso, durante a matrícula, é recomendável que os alunos busquem as turmas que estão reservadas para seu curso e turno. De modo geral, Henrique recomenda atenção aos alunos. “É importante observar bem os prazos e se organizar para fazer a matrícula com antecedência, para evitar imprevistos nas últimas horas que acabam prejudicando o aluno”, comenta. Para realizar a solicitação, os estudantes devem acessar o portal do Sigaa com matrícula e senha institucional, entrar em Portal do Discente → Ensino → Matrícula On-line e selecionar as disciplinas e turmas desejadas. Antes da solicitação, é possível consultar as disciplinas ofertadas, verificar a quantidade de vagas disponíveis, os docentes responsáveis e os pré-requisitos de cada componente curricular. Após o encerramento do prazo, o sistema realiza o processamento automático e informa quais solicitações foram deferidas ou indeferidas. Os alunos de graduação que não conseguirem vaga nas disciplinas desejadas poderão participar da rematrícula, nos dias 3 e 4 de agosto."", ""Em sua 693ª reunião, o Conselho de Ensino, Pesquisa e Extensão (Cepe) aprovou o calendário letivo de 2027 – do primeiro e segundo semestres – e o de verão de 2028. O encontro do colegiado ocorreu no último dia 18 de junho, no auditório da Reitoria, campus Darcy Ribeiro, Asa Norte. De acordo com a decisão do Cepe, as aulas do 1º/2027 vão de 15 de março a 16 de julho e as do 2º/2027 vão de 9 de agosto a 16 de dezembro. Já os cursos de verão de 2028 começam em 10 de janeiro e finalizam em 15 de fevereiro. O vice-reitor Márcio Muniz informou que, a partir de 2027, a atividade de extensão Semana da África será instituída como atividade oficial no calendário acadêmico. O evento passará a incluir ações com todos os estudantes estrangeiros, ampliando seu escopo. A denominação original se mantém. Durante a reunião, também foi discutida a possibilidade de promover ajustes para que estudantes das licenciaturas consigam realizar as práticas pedagógicas nas escolas de forma a ter melhor aproveitamento dos calendários letivos das instituições. O tema surgiu a partir de avaliação do docente Edison Ishikawa, do Departamento de Ciências da Computação (CIC/IE). “A falta de coincidência entre os calendários compromete o aproveitamento dos estudantes nessas atividades e gera questões burocráticas”, disse. Ficou resolvido que a questão será encaminhada para a Comissão Permanente das Licenciaturas (CPel/DEG), conforme informou Tiago Araújo, decano de Ensino de Graduação. \""Veremos possibilidades de deixar os calendários mais próximos”, comentou. INGRESSO – A reunião aprovou ainda resolução que define a distribuição de vagas nos processos seletivos para ingresso primário nos cursos de graduação de oferta regular da Universidade de Brasília. Conforme deliberação, haverá faixas de cursos que terão vagas de ingresso, no primeiro semestre letivo, distribuídas com foco nacional, via Sisu, e local, via Programa de Avaliação Seriada (PAS). Cada faixa terá uma proporção de distribuição. No segundo semestre letivo, as vagas serão distribuídas entre Vestibular e Acesso Enem, na proporção de 50% para cada modalidade. A definição está normatizada na Resolução nº 0130/2026 do Cepe. Foi destacado na reunião que a resolução propõe que as unidades acadêmicas gozem de autonomia e flexibilidade para ajustar a distribuição de vagas, de acordo com a sua realidade e os dados de ingresso e fundamentação apresentada ao DEG. A decisão deu-se com foco no aproveitamento máximo nas vagas da Universidade."", ""Até 13 de abril, estão abertas as inscrições no processo seletivo da Universidade de Brasília para o preenchimento de vagas extraordinárias destinadas a pessoas idosas (60mais). Considera-se pessoa idosa a que tiver idade igual ou superior a 60 anos até o primeiro dia do registro acadêmico. A oportunidade é para ingresso em cursos de graduação, no segundo semestre letivo de 2026. Ao todo, são 216 vagas distribuídas nos Campus Darcy Ribeiro (Plano Piloto), Ceilândia, Gama e Planaltina. A participação é gratuita e as inscrições podem ser realizadas até 13 de abril de 2026, pelo site do Cebraspe. Para a pessoa candidata que não dispuser de acesso à internet, serão disponibilizados os seguintes locais para a realização do procedimento. • Edifício Sede do Cebraspe – Quadra 01, Lotes 1115 a 1145 – SAAN. • Posto Avançado Cebraspe – Centro de Vivências – Térreo, ao lado do estacionamento do ICC Sul, no campus Darcy Ribeiro da UnB, Asa Norte. AVALIAÇÃO – A seleção ocorrerá por meio da aplicação de prova de redação em língua portuguesa, prevista para ser realizada em 17 de maio de 2026, no Distrito Federal. O resultado final do processo seletivo e a convocação para o registro acadêmico on-line estão previstos para o dia 23 de junho de 2026. O processo seletivo está integrado aos objetivos da Política do Envelhecer Saudável, Participativo e Cidadão (PESPC) da UnB e reitera o compromisso institucional em estimular a pluralidade e a diversidade, enquanto valores democráticos, na comunidade acadêmica. CONTATO – O edital e outras informações estão disponíveis na página do Cebraspe. A banca pode ser contatada pela Central de Atendimento ao Candidato do Cebraspe, de segunda a sexta, das 8h30 às 18h30 – Setor de Armazenagem e Abastecimento Norte (SAAN) Quadra 01, Lotes 1115 a 1145, Sede do Cebraspe – e pelo telefone (61) 3448-0100. SERVIÇO Processo seletivo destinado a pessoas idosas para ingresso em cursos de graduação na Universidade de Brasília (UnB). Requisito: idade igual ou superior a 60 anos. Vagas: 216. Inscrições: até 13 de abril de 2026. Prova: 17 de maio de 2026."", ""pessoas que chegam aos campi no início do semestre e a boa convivência entre todos demonstra como a Universidade é espaço para o aprendizado, a prática e a vivência da democracia, todos os dias. Esse inclusive é o mote da campanha institucional de 2026 da UnB, lançada nesta segunda (16). BOAS-VINDAS – Dezenas de atividades tiveram início juntamente com o semestre, a fim de acolher estudantes. A Prosa com a Reitora é o evento principal de recepção neste semestre e está marcado para quinta-feira (19), no Anfiteatro 9, campus Darcy Ribeiro. A programação de boas-vindas pode ser conferida na íntegra aqui. Além das atividades de recepção, os espaços físicos receberam atenção especial e foram incluídos nos preparativos para o início das aulas. Controle de pragas, limpeza nos prédios e áreas de uso comum, instalação de contêineres e lixeiras, reposição de mobiliário, obras de manutenção predial, elétrica e hidráulica, investimentos em mobilidade e paisagismo estão entre as principais ações realizadas pela Prefeitura da UnB durante o recesso acadêmico. Destaque para a implantação do laboratório do novo curso de bacharelado em Inteligência Artificial, plantio de novas árvores nos campi, novo ciclo do Jardim de Sequeiro, retomada das atividades de extensão do Viveiro Escola – com iniciativas como a Casa de Chás e o Meliponário –, e o novo contrato para operação do transporte intercampi, que facilitará o deslocamento dos estudantes entre as diferentes unidades acadêmicas..""]",0.25,0.0,0.7499999999625,0.40182581222140307
11,Quando é o período de matrícula para pós-graduação e onde realizar a solicitação?,"[""<1-hop>\n\nDICAS E ETAPAS – Esse é o período que concentra o maior número de acessos simultâneos ao Sigaa, mas não precisa se desesperar. Basta conferir a oferta de disciplinas e optar pela melhor composição de grade para conciliar com seus horários. Algumas orientações ajudam os estudantes na hora de realizar o procedimento.\n“O maior problema que ainda persiste na matrícula é o aluno solicitar vaga em turno distinto ao da sua turma e, quando chega o período de rematrícula, as vagas na turma do turno dele já estão preenchidas”, explica Henrique Soares, secretário de Administração Acadêmica (SAA). Por isso, durante a matrícula, é recomendável que os alunos busquem as turmas que estão reservadas para seu curso e turno.\nDe modo geral, Henrique recomenda atenção aos alunos. “É importante observar bem os prazos e se organizar para fazer a matrícula com antecedência, para evitar imprevistos nas últimas horas que acabam prejudicando o aluno”, comenta.\nPara realizar a solicitação, os estudantes devem acessar o portal do Sigaa com matrícula e senha institucional, entrar em Portal do Discente → Ensino → Matrícula On-line e selecionar as disciplinas e turmas desejadas.\nAntes da solicitação, é possível consultar as disciplinas ofertadas, verificar a quantidade de vagas disponíveis, os docentes responsáveis e os pré-requisitos de cada componente curricular. Após o encerramento do prazo, o sistema realiza o processamento automático e informa quais solicitações foram deferidas ou indeferidas.\nOs alunos de graduação que não conseguirem vaga nas disciplinas desejadas poderão participar da rematrícula, nos dias 3 e 4 de agosto. Já a matrícula extraordinária acontece entre 7 e 14 de agosto e é feita pela coordenação do curso, com inclusão em disciplina solicitada pelo estudante.\nDepois da conclusão de todas as etapas, os estudantes poderão consultar no Sigaa o comprovante de matrícula e a grade definitiva de horários. Há ainda a possibilidade de solicitar dupla diplomação e mudança de curso, a partir de 14 de setembro; trancamento parcial automático, até 9 de outubro; e trancamento geral automático, até 12 de novembro.\nDe 31 de julho a 7 de agosto, os alunos de pós-graduação poderão realizar matrícula e ajustes em disciplinas requeridas. O calendário acadêmico da pós também prevê outras datas importantes, como o trancamento parcial, até 9 de outubro; e o trancamento geral, até 14 de dezembro."", ""<2-hop>\n\nTítulo: UnB Notícias - Vêm aí as matrículas para o segundo semestre de 2026\n\nAlô, universitários! Nos próximos dias, tem início o período de solicitação de matrícula para o segundo semestre letivo de 2026. Para os estudantes de graduação, a requisição deve ser realizada de 27 a 29 de julho; já para os alunos de pós-graduação, o período vai de 31 de julho a 7 de agosto. A lista de disciplinas ofertadas estará disponível no Sistema Integrado de Gestão de Atividades Acadêmicas (Sigaa), plataforma por onde as matrículas devem ser realizadas.\nSe você é calouro, não precisa se preocupar com esta etapa, pois a matrícula é feita automaticamente pela Universidade. A grade de horários dos ingressantes será disponibilizada antes do início das aulas.\nVale lembrar que as aulas começam em 10 de agosto e o semestre termina em 14 de dezembro.\n""]",O período de matrícula para pós-graduação ocorre de 31 de julho a 7 de agosto. A solicitação deve ser realizada no Sistema Integrado de Gestão de Atividades Acadêmicas (Sigaa).,,,,pergunta específica de múltiplas etapas,multi_hop_specific_query_synthesizer,"[{""nome"": ""Coordenador de Pós-Graduação"", ""descricao_do_papel"": ""Responsável por atualizar dados no Plataforma Sucupira e coordenar a atualização dos dados pessoais e identificadores dos pós-graduandos.""}, {""nome"": ""Ana Maria"", ""descricao_do_papel"": ""Professora da Universidade de Brasília (UnB) envolvida em projetos de inovação e educação a distância, interessada em tecnologias que podem melhorar o ensino remoto.""}, {""nome"": ""Estudante Universitário"", ""descricao_do_papel"": ""Busca informações sobre estágios, bolsas de estudo e oportunidades na UnB para melhorar sua experiência acadêmica e profissional.""}]","[{""contexto"": ""<1-hop>"", ""fontes"": [{""id_documento"": ""5bb16b55f76e35da41ee37324aa1909482bb00c3d3b32cc5c39f4ee2de22d358"", ""titulo"": ""UnB Notícias - Vêm aí as matrículas para o segundo semestre de 2026"", ""url"": ""https://noticias.unb.br/ensino/8660-vem-ai-as-matriculas-para-o-segundo-semestre-de-2026"", ""origem"": ""noticias.unb.br"", ""data_publicacao"": ""2026-07-23T15:18:58-03:00""}]}, {""contexto"": ""<2-hop>"", ""fontes"": [{""id_documento"": ""5bb16b55f76e35da41ee37324aa1909482bb00c3d3b32cc5c39f4ee2de22d358"", ""titulo"": ""UnB Notícias - Vêm aí as matrículas para o segundo semestre de 2026"", ""url"": ""https://noticias.unb.br/ensino/8660-vem-ai-as-matriculas-para-o-segundo-semestre-de-2026"", ""origem"": ""noticias.unb.br"", ""data_publicacao"": ""2026-07-23T15:18:58-03:00""}]}]",O período de matrícula para pós-graduação acontece entre 27 a 29 de julho.,FALSO,"Veredito: BOATO_SEM_REGISTRO
Justificativa: A alegação está incorreta, pois o período de matrícula para a pós-graduação no segundo semestre de 2026 ocorreu de 31 de julho a 7 de agosto, e não entre 27 e 29 de julho [1]. As datas de 27 a 29 de julho referem-se exclusivamente ao período de matrícula dos estudantes de graduaç…
Confiança: 0.95
Fontes: UnB Notícias - Vêm aí as matrículas para o segundo semestre de 2026 (noticias.unb.br) https://noticias.unb.br/ensino/8660-vem-ai-as-matriculas-para-o-segundo-semestre-de-2026",BOATO_SEM_REGISTRO,BOATO_SEM_REGISTRO,True,"[{""title"": ""UnB Notícias - Vêm aí as matrículas para o segundo semestre de 2026"", ""url"": ""https://noticias.unb.br/ensino/8660-vem-ai-as-matriculas-para-o-segundo-semestre-de-2026"", ""source"": ""noticias.unb.br""}]","[""Alô, universitários! Nos próximos dias, tem início o período de solicitação de matrícula para o segundo semestre letivo de 2026. Para os estudantes de graduação, a requisição deve ser realizada de 27 a 29 de julho; já para os alunos de pós-graduação, o período vai de 31 de julho a 7 de agosto. A lista de disciplinas ofertadas estará disponível no Sistema Integrado de Gestão de Atividades Acadêmicas (Sigaa), plataforma por onde as matrículas devem ser realizadas. Se você é calouro, não precisa se preocupar com esta etapa, pois a matrícula é feita automaticamente pela Universidade. A grade de horários dos ingressantes será disponibilizada antes do início das aulas. Vale lembrar que as aulas começam em 10 de agosto e o semestre termina em 14 de dezembro. DICAS E ETAPAS – Esse é o período que concentra o maior número de acessos simultâneos ao Sigaa, mas não precisa se desesperar. Basta conferir a oferta de disciplinas e optar pela melhor composição de grade para conciliar com seus horários. Algumas orientações ajudam os estudantes na hora de realizar o procedimento. “O maior problema que ainda persiste na matrícula é o aluno solicitar vaga em turno distinto ao da sua turma e, quando chega o período de rematrícula, as vagas na turma do turno dele já estão preenchidas”, explica Henrique Soares, secretário de Administração Acadêmica (SAA). Por isso, durante a matrícula, é recomendável que os alunos busquem as turmas que estão reservadas para seu curso e turno. De modo geral, Henrique recomenda atenção aos alunos. “É importante observar bem os prazos e se organizar para fazer a matrícula com antecedência, para evitar imprevistos nas últimas horas que acabam prejudicando o aluno”, comenta. Para realizar a solicitação, os estudantes devem acessar o portal do Sigaa com matrícula e senha institucional, entrar em Portal do Discente → Ensino → Matrícula On-line e selecionar as disciplinas e turmas desejadas. Antes da solicitação, é possível consultar as disciplinas ofertadas, verificar a quantidade de vagas disponíveis, os docentes responsáveis e os pré-requisitos de cada componente curricular. Após o encerramento do prazo, o sistema realiza o processamento automático e informa quais solicitações foram deferidas ou indeferidas. Os alunos de graduação que não conseguirem vaga nas disciplinas desejadas poderão participar da rematrícula, nos dias 3 e 4 de agosto."", ""acadêmico e ficar atentos aos prazos e procedimentos necessários, previstos na Agenda do Calouro. O período de upload da documentação para a etapa de registro vai até as 18h do dia 23 de janeiro. O resultado provisório está previsto para 30 de janeiro e o definitivo para 10 de fevereiro. O início das aulas será em 16 de março. Outras informações sobre o ingresso na UnB podem ser obtidas pelo site www.boasvindas.unb.br.."", ""Até 13 de abril, estão abertas as inscrições no processo seletivo da Universidade de Brasília para o preenchimento de vagas extraordinárias destinadas a pessoas idosas (60mais). Considera-se pessoa idosa a que tiver idade igual ou superior a 60 anos até o primeiro dia do registro acadêmico. A oportunidade é para ingresso em cursos de graduação, no segundo semestre letivo de 2026. Ao todo, são 216 vagas distribuídas nos Campus Darcy Ribeiro (Plano Piloto), Ceilândia, Gama e Planaltina. A participação é gratuita e as inscrições podem ser realizadas até 13 de abril de 2026, pelo site do Cebraspe. Para a pessoa candidata que não dispuser de acesso à internet, serão disponibilizados os seguintes locais para a realização do procedimento. • Edifício Sede do Cebraspe – Quadra 01, Lotes 1115 a 1145 – SAAN. • Posto Avançado Cebraspe – Centro de Vivências – Térreo, ao lado do estacionamento do ICC Sul, no campus Darcy Ribeiro da UnB, Asa Norte. AVALIAÇÃO – A seleção ocorrerá por meio da aplicação de prova de redação em língua portuguesa, prevista para ser realizada em 17 de maio de 2026, no Distrito Federal. O resultado final do processo seletivo e a convocação para o registro acadêmico on-line estão previstos para o dia 23 de junho de 2026. O processo seletivo está integrado aos objetivos da Política do Envelhecer Saudável, Participativo e Cidadão (PESPC) da UnB e reitera o compromisso institucional em estimular a pluralidade e a diversidade, enquanto valores democráticos, na comunidade acadêmica. CONTATO – O edital e outras informações estão disponíveis na página do Cebraspe. A banca pode ser contatada pela Central de Atendimento ao Candidato do Cebraspe, de segunda a sexta, das 8h30 às 18h30 – Setor de Armazenagem e Abastecimento Norte (SAAN) Quadra 01, Lotes 1115 a 1145, Sede do Cebraspe – e pelo telefone (61) 3448-0100. SERVIÇO Processo seletivo destinado a pessoas idosas para ingresso em cursos de graduação na Universidade de Brasília (UnB). Requisito: idade igual ou superior a 60 anos. Vagas: 216. Inscrições: até 13 de abril de 2026. Prova: 17 de maio de 2026."", ""A Universidade de Brasília deu início, nesta segunda-feira (16), às aulas do 1º semestre letivo de 2026. O período segue até 18 de julho, conforme o calendário acadêmico. Com a retomada, mais de 50 mil pessoas voltam a circular nos quatro campi da UnB. Caso dos estudantes Aydê Guedes, Paulo Jorge, Vinícius Castro e Lucas Rocha. >> Em carta, Reitoria saúda a comunidade no início do semestre “A gente precisa se atualizar. Eu queria sair da minha zona de conforto, pretendo fazer traduções”, diz a contadora Aydê, aprovada para o curso de Letras Tradução noturno no Vestibular 60 mais. \""Adoro conversar e me dou bem com qualquer idade\"", garante, animada com as perspectivas do primeiro semestre com a família na UnB: o filho está no mestrado em Mecatrônica e a filha cursa Direito. O estudante de Engenharia da Computação Paulo Jorge, 19 anos, está iniciando o 3º semestre. “Acho que será um semestre mais complicado, com matérias mais difíceis, mas espero seja tranquilo se eu conseguir me organizar bem”, avalia. Também animados com o início das aulas estavam os estudantes de Direito Vinícius Castro e Lucas Rocha. \""Não é o meu primeiro semestre na UnB, tinha feito Química antes, e decidi mudar de curso. No Direito é o meu primeiro dia. Apesar de não ser totalmente novidade, ainda é bacana conhecer o pessoal novo. Já conheci um pouco os veteranos, tem alguns conhecidos que também estudaram comigo e é bem legal rever a UnB. Fazia um ano que não passava por aqui, que não via os lugares, porque tranquei o curso no comecinho de 2025 para estudar para o vestibular\"", detalha Vinícius, 20 anos. Veterano, Lucas, 20 anos, está no 5º semestre de Direito. \""Cheguei num ponto do curso que agora é correria, então tenho que tentar adiantar as matérias para conseguir formar nos dez semestres\"", conta. \""A gente passa de uma base mais teórica e chega numa parte mais prática. Gostei de tudo até agora, graças a Deus, me encontrei.\"" A diversidade de perfis entre as pessoas que chegam aos campi no início do semestre e a boa convivência entre todos demonstra como a Universidade é espaço para o aprendizado, a prática e a vivência da democracia, todos os dias. Esse inclusive é o mote da campanha institucional de 2026 da UnB, lançada nesta segunda (16).""]",0.4,0.6666666666666666,0.9999999999,0.5363764329257396
12,Quais docentes estarão presentes na feira para esclarecer dúvidas dos visitantes e quais atividades culturais e esportivas serão oferecidas durante o evento?,"[""<1-hop>\n\nPROGRAMAÇÃO DIVERSIFICADA – Entre as informações divulgadas, o público poderá saber mais sobre bolsas de extensão, que somam mais de 5 mil anualmente na Universidade, e as do Programa Institucional de Bolsas de Iniciação Científica (Pibic), voltadas à pesquisa na graduação.\nAs oportunidades de estágio serão concentradas na chamada Praça dos Estágios, em frente à entrada do ICC Sul. Com pelo menos o dobro de agências em relação à última edição, o espaço reunirá integradoras de estágio e empresas que oferecem estágios obrigatórios e não obrigatórios para estudantes.\n Para incentivar a interação com o público, a feira terá uma dinâmica gamificada. Os visitantes receberão um crachá para carimbos que poderão ser preenchidos nos estandes durante a circulação pelo evento. Ao completar 16 carimbos, o participante poderá trocar o crachá por um brinde da Editora UnB.\n A feira também busca aproximar os estudantes dos técnicos administrativos que atuam em diferentes setores da Universidade. “É o momento que eles saem dos bastidores, saem de seus decanatos, das suas secretarias, e vão para interação com a juventude da UnB”, destaca a diretora Juliana Dias. Além dos técnicos, docentes estarão presentes para esclarecer dúvidas dos visitantes.\nA programação também conta com atividades culturais e esportivas e inclui apresentações de chorinho, de cheerleading e do grupo de música 60mais; aulas de calistenia; mesa para prática de pingue-pongue; além de vendas de artesanatos indígenas."", ""<2-hop>\n\nDICAS E ETAPAS – Esse é o período que concentra o maior número de acessos simultâneos ao Sigaa, mas não precisa se desesperar. Basta conferir a oferta de disciplinas e optar pela melhor composição de grade para conciliar com seus horários. Algumas orientações ajudam os estudantes na hora de realizar o procedimento.\n“O maior problema que ainda persiste na matrícula é o aluno solicitar vaga em turno distinto ao da sua turma e, quando chega o período de rematrícula, as vagas na turma do turno dele já estão preenchidas”, explica Henrique Soares, secretário de Administração Acadêmica (SAA). Por isso, durante a matrícula, é recomendável que os alunos busquem as turmas que estão reservadas para seu curso e turno.\nDe modo geral, Henrique recomenda atenção aos alunos. “É importante observar bem os prazos e se organizar para fazer a matrícula com antecedência, para evitar imprevistos nas últimas horas que acabam prejudicando o aluno”, comenta.\nPara realizar a solicitação, os estudantes devem acessar o portal do Sigaa com matrícula e senha institucional, entrar em Portal do Discente → Ensino → Matrícula On-line e selecionar as disciplinas e turmas desejadas.\nAntes da solicitação, é possível consultar as disciplinas ofertadas, verificar a quantidade de vagas disponíveis, os docentes responsáveis e os pré-requisitos de cada componente curricular. Após o encerramento do prazo, o sistema realiza o processamento automático e informa quais solicitações foram deferidas ou indeferidas.\nOs alunos de graduação que não conseguirem vaga nas disciplinas desejadas poderão participar da rematrícula, nos dias 3 e 4 de agosto. Já a matrícula extraordinária acontece entre 7 e 14 de agosto e é feita pela coordenação do curso, com inclusão em disciplina solicitada pelo estudante.\nDepois da conclusão de todas as etapas, os estudantes poderão consultar no Sigaa o comprovante de matrícula e a grade definitiva de horários. Há ainda a possibilidade de solicitar dupla diplomação e mudança de curso, a partir de 14 de setembro; trancamento parcial automático, até 9 de outubro; e trancamento geral automático, até 12 de novembro.\nDe 31 de julho a 7 de agosto, os alunos de pós-graduação poderão realizar matrícula e ajustes em disciplinas requeridas. O calendário acadêmico da pós também prevê outras datas importantes, como o trancamento parcial, até 9 de outubro; e o trancamento geral, até 14 de dezembro.""]","Docentes estarão presentes na feira para esclarecer dúvidas dos visitantes. Além disso, a programação da feira incluirá atividades culturais e esportivas como apresentações de chorinho, cheerleading e do grupo de música 60mais; aulas de calistenia; mesa para prática de pingue-pongue; além de vendas de artesanatos indígenas.",,,,pergunta específica de múltiplas etapas,multi_hop_specific_query_synthesizer,"[{""nome"": ""Coordenador de Pós-Graduação"", ""descricao_do_papel"": ""Responsável por atualizar dados no Plataforma Sucupira e coordenar a atualização dos dados pessoais e identificadores dos pós-graduandos.""}, {""nome"": ""Ana Maria"", ""descricao_do_papel"": ""Professora da Universidade de Brasília (UnB) envolvida em projetos de inovação e educação a distância, interessada em tecnologias que podem melhorar o ensino remoto.""}, {""nome"": ""Estudante Universitário"", ""descricao_do_papel"": ""Busca informações sobre estágios, bolsas de estudo e oportunidades na UnB para melhorar sua experiência acadêmica e profissional.""}]","[{""contexto"": ""<1-hop>"", ""fontes"": []}, {""contexto"": ""<2-hop>"", ""fontes"": [{""id_documento"": ""5bb16b55f76e35da41ee37324aa1909482bb00c3d3b32cc5c39f4ee2de22d358"", ""titulo"": ""UnB Notícias - Vêm aí as matrículas para o segundo semestre de 2026"", ""url"": ""https://noticias.unb.br/ensino/8660-vem-ai-as-matriculas-para-o-segundo-semestre-de-2026"", ""origem"": ""noticias.unb.br"", ""data_publicacao"": ""2026-07-23T15:18:58-03:00""}]}]",Docentes não estarão presentes na feira para esclarecer dúvidas dos visitantes.,FALSO,"Veredito: BOATO_SEM_REGISTRO
Justificativa: Nenhuma das evidências fornecidas menciona a realização de uma feira ou a presença de docentes em eventos desse tipo, tornando a alegação sem base documental.
Confiança: 0.95",BOATO_SEM_REGISTRO,BOATO_SEM_REGISTRO,True,[],"[""Nem a chuva desanimou os estudantes que estiveram na UnB, na tarde desta quarta-feira (4), para conferir a lista de aprovados na 1ª chamada do vestibular tradicional 2026. A lista com os nomes dos 1.924 aprovados em 1ª chamada foi divulgada no site do Cebraspe e em um mural no Teatro de Arena, próximo ao ICC Norte, no campus Darcy Ribeiro. No total, 16.823 candidatos concorreram a 2.102 vagas. Ao lado de amigos e familiares, novos universitários foram recebidos calorosamente por veteranos de diferentes cursos, como a estudante Rafaela Lourrane, 19 anos, de Relações Internacionais. “Eu passei no segundo semestre e não tive essa recepção, por isso esse ano eu vim recepcionar o pessoal. É emocionante, estou emocionada”, disse. E o palco era mesmo da emoção. Samara Alves, 19 anos, estudante do curso de Letras Português, comemorava a aprovação da amiga Luiza Torres, 18 anos. Ex-aluna do Centro de Ensino Médio 2 de Ceilândia, Luiza cursará Farmácia. “Foi um ano de muito estudo, abdiquei de muita coisa para conseguir estar aqui, estou muito feliz com essa conquista. A UnB sempre foi meu sonho desde pequena, não estou nem acreditando que consegui entrar na faculdade que sempre sonhei”, vibrava Luiza. “Não tinha nenhuma certeza e agora estou em êxtase. Só quero abraçar meus amigos. Alívio demais. Estou bem feliz\"", celebrava Enrico Sari, 18 anos, ex-aluno do Centro de Ensino Médio da Asa Norte (Cean). \""Acabei de terminar a escola, meus amigos estão todos aqui. Eles entraram no ano passado e faltava só eu. Deu tudo certo”, comemorou o calouro de Comunicação Organizacional, que já se mira profissional. “Espero conseguir trabalhar com comunicação. Meu sonho é ser jornalista. Já faço parte de um canal de jornalismo digital”, contou. O estudante Davi Cosmo, 17 anos, aprovado para o curso de Direito, contou como foram os desafios da preparação. Ele disputou uma vaga em outra federal, mas não deu certo e perdeu a terceira fase do PAS. “Não consegui fazer o PAS 3, porque caiu outro compromisso no dia, mas pelo vestibular, graças a Deus, eu consegui passar para a UnB. Eu estava ansioso antes de ver a lista”, sorria, aliviado. Davi disputou as vagas destinadas a egressos de escolas públicas com recorte por raça e renda. Aprovado pelo sistema universal, Augusto Guedes, 18 anos, também celebrava o ingresso em Direito."", ""A delegação de estudantes-atletas da Universidade de Brasília (UnB) disputa os Jogos Universitários Brasileiros (JUBs) de 2026, que tiveram início em 23 de agosto e seguem até 5 de setembro. A maior competição universitária da América Latina, conhecida como “olimpíada universitária”, acontece nas cidades de Goiânia e Trindade, em Goiás. De acordo com a Confederação Brasileira do Desporto Universitário (CBDU), promotora da competição, a edição goiana deve reunir mais de 7 mil participantes de todo o país, em 30 praças esportivas das duas cidades. O Boulevard dos Atletas, instalado no Centro de Convenções de Goiânia (CCGO), será o principal ponto de encontro das delegações durante as duas semanas de disputas. O diretor de Esportes e Atividades Comunitárias (CEL/Deac/DAC) da UnB, Pedro Ivo Barbosa, lembra que a Instituição tem um histórico no campeonato: “já é uma tradição da UnB participar dos JUBs”. Em relação às participações mais recentes, na campanha de 2025, realizada em Natal (RN), a UnB contou com 65 estudantes-atletas e conquistou 14 medalhas em sete das 22 modalidades. O saldo superou em uma medalha o da edição de 2024, em Brasília (DF), e foi o dobro do alcançado nos jogos de 2023, em Joinville (SC). COMPETIÇÃO – Este ano, a equipe da UnB contará com 115 integrantes, entre oficiais, técnicos e 108 estudantes-atletas, e disputará em 22 modalidades esportivas. Em algumas, a instituição mantém participação contínua há cerca de uma década, como o handebol, enquanto vem ganhando espaço em outras, como os esportes eletrônicos. Este ano, há ainda uma nova modalidade, o kart, que contará com os competidores Samuel Gontijo e Bruna Lameira. Eles garantiram as vagas do Distrito Federal. \""A oportunidade de participar dos jogos em uma modalidade inaugural me anima bastante\"", comenta Samuel, mestrando em Direito na UnB. \""Torço para que o nível da competição seja alto e para que possamos apresentar ao público o nosso esporte\"", afirma o atleta. Outro esporte com participação da UnB é o cheerleading, que em 2025 levou a instituição ao topo do pódio por três vezes. O desempenho tornou possível a participação da equipe este ano no Mundial Universitário, na Suécia. “Os JUBs sempre proporciona uma experiência muito leve e diferenciada, com interação entre atletas de várias modalidades e estados”, conta Ana Beatriz, estudante de Educação Física, que integra o time pela terceira vez. Luzia Fernandes, que também cursa Educação Física, é atleta de jiu-jitsu desde 2022."", ""morte, alma e justiça. \""'Acreditamos que a morte seja algo?' Essa é a pergunta com que Sócrates inicia sua discussão com os amigos, em seu último dia\"", explica Cornelli. O personagem procura demonstrar que a morte não seria o fim do ser humano nem algo que um filósofo deveria temer. Platão também apresenta Sócrates encontrando familiares e amigos, preparando o corpo para a morte, rindo, realizando gestos de carinho, permanecendo em silêncio e, finalmente, tomando o veneno. \""No Fédon, a morte não é somente discutida. Ela é também, e sobretudo, representada\"", afirma o tradutor. \""O corpo de Sócrates que morre embaralha o discurso filosófico. A lógica dos argumentos esmaece, por vezes, na frente do desejo de persuadir e consolar os amigos.\"" O pesquisador conta que, ao realizar a tradução, procurou recuperar o caráter público e cotidiano da filosofia de Platão. Para ele, o filósofo grego desenvolveu o pensamento filosófico por meio do diálogo e do debate sobre questões como felicidade, justiça e linguagem. De acordo com Cornelli, Platão não procurou criar uma linguagem técnica separada da vida cotidiana. Por isso, uma tradução excessivamente formal poderia passar a impressão de que o filósofo não fala a língua das gerações atuais ou de que a filosofia não pode ser plenamente expressa em português brasileiro. Assim, o docente destaca que trabalhou com recursos próprios da nossa língua ao traduzir o clássico. Um exemplo está na passagem em que Sócrates procura consolar Fédon, sentado em um banco abaixo dele. O verbo utilizado no texto grego significa apertar ou pressionar para descrever um movimento realizado nos cabelos do jovem. \""Os tradutores de outros idiomas sofreram muito para traduzir esse estranho movimento de uma pressão nos cabelos. Mas o português brasileiro me regalou imediatamente: Sócrates, para consolar Fédon, 'fez cafuné' nele\"", relata. A edição foi publicada pela Companhia das Letras, na coleção Clássicos Penguin. Além do trabalho com a língua, Cornelli propõe uma leitura crítica da apropriação histórica do platonismo por discursos coloniais e por concepções de superioridade da cultura europeia. Segundo ele, ideias associadas a Platão foram utilizadas ao longo da modernidade para justificar hierarquias, processos de colonização e projetos de supremacia racial ou cultural. A tradução e os comentários procuram retornar ao texto para separar a obra dessas interpretações posteriores."", ""695ª reunião do Cepe: ÓRGÃOS COLEGIADOS ATENÇÃO – As informações, as fotos e os textos podem ser usados e reproduzidos, integral ou parcialmente, desde que a fonte seja devidamente citada e que não haja alteração de sentido em seus conteúdos. Crédito para textos: nome do repórter/Secom UnB ou Secom UnB. Crédito para fotos: nome do fotógrafo/Secom UnB. Cepe aprova regulamentação dos cursos de residência Conselho também aprovou mudanças na Área Básica de Ingresso da FCTE, de Ciências Sociais e de Letras - Da Secretaria de Comunicação da UnB.""]",0.0,,0.0,0.5259157441567235
13,Quais docentes estarão presentes na feira para esclarecer dúvidas dos visitantes e em que período os alunos de pós-graduação poderão realizar matrícula e ajustes em disciplinas requeridas?,"[""<1-hop>\n\nPROGRAMAÇÃO DIVERSIFICADA – Entre as informações divulgadas, o público poderá saber mais sobre bolsas de extensão, que somam mais de 5 mil anualmente na Universidade, e as do Programa Institucional de Bolsas de Iniciação Científica (Pibic), voltadas à pesquisa na graduação.\nAs oportunidades de estágio serão concentradas na chamada Praça dos Estágios, em frente à entrada do ICC Sul. Com pelo menos o dobro de agências em relação à última edição, o espaço reunirá integradoras de estágio e empresas que oferecem estágios obrigatórios e não obrigatórios para estudantes.\n Para incentivar a interação com o público, a feira terá uma dinâmica gamificada. Os visitantes receberão um crachá para carimbos que poderão ser preenchidos nos estandes durante a circulação pelo evento. Ao completar 16 carimbos, o participante poderá trocar o crachá por um brinde da Editora UnB.\n A feira também busca aproximar os estudantes dos técnicos administrativos que atuam em diferentes setores da Universidade. “É o momento que eles saem dos bastidores, saem de seus decanatos, das suas secretarias, e vão para interação com a juventude da UnB”, destaca a diretora Juliana Dias. Além dos técnicos, docentes estarão presentes para esclarecer dúvidas dos visitantes.\nA programação também conta com atividades culturais e esportivas e inclui apresentações de chorinho, de cheerleading e do grupo de música 60mais; aulas de calistenia; mesa para prática de pingue-pongue; além de vendas de artesanatos indígenas."", ""<2-hop>\n\nDICAS E ETAPAS – Esse é o período que concentra o maior número de acessos simultâneos ao Sigaa, mas não precisa se desesperar. Basta conferir a oferta de disciplinas e optar pela melhor composição de grade para conciliar com seus horários. Algumas orientações ajudam os estudantes na hora de realizar o procedimento.\n“O maior problema que ainda persiste na matrícula é o aluno solicitar vaga em turno distinto ao da sua turma e, quando chega o período de rematrícula, as vagas na turma do turno dele já estão preenchidas”, explica Henrique Soares, secretário de Administração Acadêmica (SAA). Por isso, durante a matrícula, é recomendável que os alunos busquem as turmas que estão reservadas para seu curso e turno.\nDe modo geral, Henrique recomenda atenção aos alunos. “É importante observar bem os prazos e se organizar para fazer a matrícula com antecedência, para evitar imprevistos nas últimas horas que acabam prejudicando o aluno”, comenta.\nPara realizar a solicitação, os estudantes devem acessar o portal do Sigaa com matrícula e senha institucional, entrar em Portal do Discente → Ensino → Matrícula On-line e selecionar as disciplinas e turmas desejadas.\nAntes da solicitação, é possível consultar as disciplinas ofertadas, verificar a quantidade de vagas disponíveis, os docentes responsáveis e os pré-requisitos de cada componente curricular. Após o encerramento do prazo, o sistema realiza o processamento automático e informa quais solicitações foram deferidas ou indeferidas.\nOs alunos de graduação que não conseguirem vaga nas disciplinas desejadas poderão participar da rematrícula, nos dias 3 e 4 de agosto. Já a matrícula extraordinária acontece entre 7 e 14 de agosto e é feita pela coordenação do curso, com inclusão em disciplina solicitada pelo estudante.\nDepois da conclusão de todas as etapas, os estudantes poderão consultar no Sigaa o comprovante de matrícula e a grade definitiva de horários. Há ainda a possibilidade de solicitar dupla diplomação e mudança de curso, a partir de 14 de setembro; trancamento parcial automático, até 9 de outubro; e trancamento geral automático, até 12 de novembro.\nDe 31 de julho a 7 de agosto, os alunos de pós-graduação poderão realizar matrícula e ajustes em disciplinas requeridas. O calendário acadêmico da pós também prevê outras datas importantes, como o trancamento parcial, até 9 de outubro; e o trancamento geral, até 14 de dezembro.""]",Docentes estarão presentes na feira para esclarecer dúvidas dos visitantes. Os alunos de pós-graduação poderão realizar matrícula e ajustes em disciplinas requeridas de 31 de julho a 7 de agosto.,,,,pergunta específica de múltiplas etapas,multi_hop_specific_query_synthesizer,"[{""nome"": ""Coordenador de Pós-Graduação"", ""descricao_do_papel"": ""Responsável por atualizar dados no Plataforma Sucupira e coordenar a atualização dos dados pessoais e identificadores dos pós-graduandos.""}, {""nome"": ""Ana Maria"", ""descricao_do_papel"": ""Professora da Universidade de Brasília (UnB) envolvida em projetos de inovação e educação a distância, interessada em tecnologias que podem melhorar o ensino remoto.""}, {""nome"": ""Estudante Universitário"", ""descricao_do_papel"": ""Busca informações sobre estágios, bolsas de estudo e oportunidades na UnB para melhorar sua experiência acadêmica e profissional.""}]","[{""contexto"": ""<1-hop>"", ""fontes"": []}, {""contexto"": ""<2-hop>"", ""fontes"": [{""id_documento"": ""5bb16b55f76e35da41ee37324aa1909482bb00c3d3b32cc5c39f4ee2de22d358"", ""titulo"": ""UnB Notícias - Vêm aí as matrículas para o segundo semestre de 2026"", ""url"": ""https://noticias.unb.br/ensino/8660-vem-ai-as-matriculas-para-o-segundo-semestre-de-2026"", ""origem"": ""noticias.unb.br"", ""data_publicacao"": ""2026-07-23T15:18:58-03:00""}]}]",Os docentes não estarão presentes na feira para esclarecer dúvidas dos visitantes.,FALSO,"Veredito: BOATO_SEM_REGISTRO
Justificativa: As evidências fornecidas não mencionam a presença ou ausência de docentes na Feira de Oportunidades, tratando apenas da estrutura e dos objetivos do evento [4].
Confiança: 0.95
Fontes: UnB Notícias - Feira de Oportunidades apresenta iniciativas acadêmicas para estudantes (noticias.unb.br) https://noticias.unb.br/ensino/8709-feira-de-oportunidades-apresenta-iniciativas-academicas-para-estudantes",BOATO_SEM_REGISTRO,BOATO_SEM_REGISTRO,True,"[{""title"": ""UnB Notícias - Feira de Oportunidades apresenta iniciativas acadêmicas para estudantes"", ""url"": ""https://noticias.unb.br/ensino/8709-feira-de-oportunidades-apresenta-iniciativas-academicas-para-estudantes"", ""source"": ""noticias.unb.br""}]","[""docentes responsáveis e os pré-requisitos de cada componente curricular. Após o encerramento do prazo, o sistema realiza o processamento automático e informa quais solicitações foram deferidas ou indeferidas. Os alunos de graduação que não conseguirem vaga nas disciplinas desejadas poderão participar da rematrícula, nos dias 3 e 4 de agosto. Já a matrícula extraordinária acontece entre 7 e 14 de agosto e é feita pela coordenação do curso, com inclusão em disciplina solicitada pelo estudante. Depois da conclusão de todas as etapas, os estudantes poderão consultar no Sigaa o comprovante de matrícula e a grade definitiva de horários. Há ainda a possibilidade de solicitar dupla diplomação e mudança de curso, a partir de 14 de setembro; trancamento parcial automático, até 9 de outubro; e trancamento geral automático, até 12 de novembro. De 31 de julho a 7 de agosto, os alunos de pós-graduação poderão realizar matrícula e ajustes em disciplinas requeridas. O calendário acadêmico da pós também prevê outras datas importantes, como o trancamento parcial, até 9 de outubro; e o trancamento geral, até 14 de dezembro.."", ""estudante acessa o menu: Portal do Discente → Ensino → Matrícula On-line. 2. Para consultar a oferta de disciplinas, antes de se matricular, o aluno pode: - conhecer as disciplinas ofertadas no semestre e quais vão ministrá-las; - descobrir a quantidade de vagas; - e os pré-requisitos da disciplina. 3. Para solicitar a matrícula - no período definido no calendário acadêmico, o aluno seleciona as disciplinas desejadas; - escolhe a turma disponível; - e confirma a solicitação de matrícula. - Observação: nessa etapa, a matrícula geralmente é apenas solicitada, não confirmada imediatamente. 4. Processamento da matrícula Depois do período de solicitação, o sistema realiza o processamento automático, analisando os critérios definidos pelo Decanato de Ensino de Graduação (DEG). Após o processamento, o sistema informa: - disciplinas deferidas (confirmadas); - disciplinas indeferidas (não aprovadas). 5. Ajuste de matrícula (rematrícula) Se o aluno não conseguiu se matricular em todas as disciplinas desejadas, pode participar do período de ajuste, de forma que ainda há como: - adicionar disciplinas; - trocar turmas; - cancelar matrícula em disciplinas. - As vagas são liberadas novamente no sistema depois de uma revisão. Após o período de solicitação, o sistema realiza o processamento automático. 6. Matrícula extraordinária (casos especiais) É feita matrícula manual pela coordenação do curso, com inclusão em disciplina solicitada pelo estudante. 7. Confirmação de matrícula Depois de finalizado o processo, o aluno pode consultar no Sigaa: - comprovante de matrícula; - grade de horários.."", ""que garantam direitos e a plena cidadania do estudante neurodiverso. Desde sexta-feira (27), os estudantes neurodivergentes também passaram a contar com apoio pedagógico especializado. O serviço é oferecido presencialmente às sextas-feiras, das 9h às 12h, na sala 7 do prédio FE 1, na Faculdade de Educação (FE), campus Darcy Ribeiro. A ideia é ajudá-los com orientações gerais para a realização de tarefas e atividades acadêmicas. >> Acompanhe as ações do núcleo nas redes sociais."", ""Na próxima quarta (26) e quinta-feira (27), das 9h às 19h, a ala sul do Instituto Central de Ciências (ICC Sul), no campus Darcy Ribeiro, Asa Norte, recebe a 2ª Feira de Oportunidades e a 1ª Praça de Estágios Vem pra UnB. A atividade de boas-vindas ao segundo semestre letivo de 2026 reunirá 15 tendas e estandes com informações sobre diferentes possibilidades acadêmicas na Universidade. Nos espaços da feira, os participantes poderão conhecer oportunidades de estágio, bolsas, iniciação científica, pesquisa e extensão, além de programas ligados à inovação, tecnologia, empreendedorismo, intercâmbio, idiomas, cultura, esporte e desenvolvimento profissional. Além dos estudantes da UnB, a feira receberá alunos de escolas e de cursinhos pré-vestibulares, que terão a oportunidade de conhecer a estrutura, os cursos e as oportunidades oferecidas pela Universidade. O evento é uma iniciativa do Programa Vem pra UnB e surgiu a partir de parceria entre a Diretoria de Acompanhamento e Integração Acadêmica (Daia/DEG) e a Diretoria de Inovação para o Ensino de Graduação (Dieg/DEG), ambas do Decanato de Ensino de Graduação (DEG/UnB). Para a diretora da Dieg, Juliana Dias, a feira busca ampliar o conhecimento dos estudantes sobre a Universidade: “A proposta da feira é [mostrar]: o que é a UnB para além do seu curso?”, afirma. “A vivência na UnB não se resume à sala de aula. Há oportunidades de iniciação à pesquisa, mobilidade, intercâmbio, assistência e realização de estágios”, acrescenta o diretor da Daia, Alexandre Romariz. A ação reúne parceiros internos e externos à Universidade. Entre os participantes estão unidades como a Biblioteca Central (BCE), a Editora UnB, o Parque Científico e Tecnológico da UnB (PCTec), o Centro de Apoio ao Desenvolvimento Tecnológico (CDT), o Centro de Educação a Distância e Tecnologias Educacionais (Cead), o UnB Idiomas e empresas juniores. Também estarão presentes decanatos, secretarias e diretorias, como os decanatos de Extensão (DEX) e de Ensino de Graduação (DEG); as secretarias de Direitos Humanos (SDH), do Meio Ambiente (Sema) e de Assuntos Internacionais (INT); e a Diretoria de Esporte, Arte e Cultura (Deac/DAC). PROGRAMAÇÃO DIVERSIFICADA – Entre as informações divulgadas, o público poderá saber mais sobre bolsas de extensão, que somam mais de 5 mil anualmente na Universidade, e as do Programa Institucional de Bolsas de Iniciação Científica (Pibic), voltadas à pesquisa na graduação. As oportunidades de estágio serão concentradas na chamada Praça dos Estágios, em frente à entrada do ICC Sul.""]",0.5,0.6666666666666666,0.0,0.16521593050287642
14,Onde e quando ocorrerão as oportunidades de estágio na feira da UnB e quais serão os benefícios para os estudantes?,"[""<1-hop>\n\nPROGRAMAÇÃO DIVERSIFICADA – Entre as informações divulgadas, o público poderá saber mais sobre bolsas de extensão, que somam mais de 5 mil anualmente na Universidade, e as do Programa Institucional de Bolsas de Iniciação Científica (Pibic), voltadas à pesquisa na graduação.\nAs oportunidades de estágio serão concentradas na chamada Praça dos Estágios, em frente à entrada do ICC Sul. Com pelo menos o dobro de agências em relação à última edição, o espaço reunirá integradoras de estágio e empresas que oferecem estágios obrigatórios e não obrigatórios para estudantes.\n Para incentivar a interação com o público, a feira terá uma dinâmica gamificada. Os visitantes receberão um crachá para carimbos que poderão ser preenchidos nos estandes durante a circulação pelo evento. Ao completar 16 carimbos, o participante poderá trocar o crachá por um brinde da Editora UnB.\n A feira também busca aproximar os estudantes dos técnicos administrativos que atuam em diferentes setores da Universidade. “É o momento que eles saem dos bastidores, saem de seus decanatos, das suas secretarias, e vão para interação com a juventude da UnB”, destaca a diretora Juliana Dias. Além dos técnicos, docentes estarão presentes para esclarecer dúvidas dos visitantes.\nA programação também conta com atividades culturais e esportivas e inclui apresentações de chorinho, de cheerleading e do grupo de música 60mais; aulas de calistenia; mesa para prática de pingue-pongue; além de vendas de artesanatos indígenas.""]","As oportunidades de estágio na feira da UnB ocorrerão na Praça dos Estágios, em frente à entrada do ICC Sul. Os estudantes terão a chance de interagir com integradoras de estágio e empresas que oferecem estágios obrigatórios e não obrigatórios. Além disso, completando 16 carimbos nos estandes durante o evento, os participantes poderão trocar o crachá por um brinde da Editora UnB.",,,,pergunta específica de múltiplas etapas,multi_hop_specific_query_synthesizer,"[{""nome"": ""Coordenador de Pós-Graduação"", ""descricao_do_papel"": ""Responsável por atualizar dados no Plataforma Sucupira e coordenar a atualização dos dados pessoais e identificadores dos pós-graduandos.""}, {""nome"": ""Ana Maria"", ""descricao_do_papel"": ""Professora da Universidade de Brasília (UnB) envolvida em projetos de inovação e educação a distância, interessada em tecnologias que podem melhorar o ensino remoto.""}, {""nome"": ""Estudante Universitário"", ""descricao_do_papel"": ""Busca informações sobre estágios, bolsas de estudo e oportunidades na UnB para melhorar sua experiência acadêmica e profissional.""}]","[{""contexto"": ""<1-hop>"", ""fontes"": []}]","As oportunidades de estágio não serão concentradas na Praça dos Estágios, em frente à entrada do ICC Sul.",FALSO,"Veredito: BOATO_SEM_REGISTRO
Justificativa: A evidência [1] confirma que a 'Praça de Estágios' foi realizada no ICC Sul, contradizendo a alegação de que as oportunidades não seriam concentradas nesse local.
Confiança: 0.95
Fontes: UnB Notícias - Feira de Oportunidades apresenta iniciativas acadêmicas para estudantes (noticias.unb.br) https://noticias.unb.br/ensino/8709-feira-de-oportunidades-apresenta-iniciativas-academicas-para-estudantes",BOATO_SEM_REGISTRO,BOATO_SEM_REGISTRO,True,"[{""title"": ""UnB Notícias - Feira de Oportunidades apresenta iniciativas acadêmicas para estudantes"", ""url"": ""https://noticias.unb.br/ensino/8709-feira-de-oportunidades-apresenta-iniciativas-academicas-para-estudantes"", ""source"": ""noticias.unb.br""}]","[""Na próxima quarta (26) e quinta-feira (27), das 9h às 19h, a ala sul do Instituto Central de Ciências (ICC Sul), no campus Darcy Ribeiro, Asa Norte, recebe a 2ª Feira de Oportunidades e a 1ª Praça de Estágios Vem pra UnB. A atividade de boas-vindas ao segundo semestre letivo de 2026 reunirá 15 tendas e estandes com informações sobre diferentes possibilidades acadêmicas na Universidade. Nos espaços da feira, os participantes poderão conhecer oportunidades de estágio, bolsas, iniciação científica, pesquisa e extensão, além de programas ligados à inovação, tecnologia, empreendedorismo, intercâmbio, idiomas, cultura, esporte e desenvolvimento profissional. Além dos estudantes da UnB, a feira receberá alunos de escolas e de cursinhos pré-vestibulares, que terão a oportunidade de conhecer a estrutura, os cursos e as oportunidades oferecidas pela Universidade. O evento é uma iniciativa do Programa Vem pra UnB e surgiu a partir de parceria entre a Diretoria de Acompanhamento e Integração Acadêmica (Daia/DEG) e a Diretoria de Inovação para o Ensino de Graduação (Dieg/DEG), ambas do Decanato de Ensino de Graduação (DEG/UnB). Para a diretora da Dieg, Juliana Dias, a feira busca ampliar o conhecimento dos estudantes sobre a Universidade: “A proposta da feira é [mostrar]: o que é a UnB para além do seu curso?”, afirma. “A vivência na UnB não se resume à sala de aula. Há oportunidades de iniciação à pesquisa, mobilidade, intercâmbio, assistência e realização de estágios”, acrescenta o diretor da Daia, Alexandre Romariz. A ação reúne parceiros internos e externos à Universidade. Entre os participantes estão unidades como a Biblioteca Central (BCE), a Editora UnB, o Parque Científico e Tecnológico da UnB (PCTec), o Centro de Apoio ao Desenvolvimento Tecnológico (CDT), o Centro de Educação a Distância e Tecnologias Educacionais (Cead), o UnB Idiomas e empresas juniores. Também estarão presentes decanatos, secretarias e diretorias, como os decanatos de Extensão (DEX) e de Ensino de Graduação (DEG); as secretarias de Direitos Humanos (SDH), do Meio Ambiente (Sema) e de Assuntos Internacionais (INT); e a Diretoria de Esporte, Arte e Cultura (Deac/DAC). PROGRAMAÇÃO DIVERSIFICADA – Entre as informações divulgadas, o público poderá saber mais sobre bolsas de extensão, que somam mais de 5 mil anualmente na Universidade, e as do Programa Institucional de Bolsas de Iniciação Científica (Pibic), voltadas à pesquisa na graduação. As oportunidades de estágio serão concentradas na chamada Praça dos Estágios, em frente à entrada do ICC Sul."", ""será automática para todos os cursos da Universidade. Cada unidade acadêmica decidirá, por meio de seus colegiados, se participará da modalidade e quantas vagas disponibilizará, observado o limite máximo de três vagas extraordinárias por edital. Além disso, caberá às unidades definir a pontuação mínima exigida para ingresso em cada curso. Dessa forma, diferentes graduações poderão estabelecer critérios próprios de seleção dentro das diretrizes previstas pela resolução. REQUISITOS – Independentemente da categoria de ingresso, todos os candidatos deverão atender a requisitos comuns. Será necessário: ser brasileiro ou estrangeiro residente no Brasil; ter concluído o ensino médio ou equivalente em instituição brasileira, pública ou privada, ou possuir reconhecimento de equivalência de estudos, quando se tratar de escola estrangeira; e apresentar a nota da redação obtida em uma edição do Exame Nacional do Ensino Médio (Enem), do Programa de Avaliação Seriada (PAS 3) da UnB ou do Vestibular da Universidade realizada nos últimos oito anos. A resolução atribui à Câmara de Ensino de Graduação a criação de uma comissão formada por docentes para organizar a seleção dos medalhistas de competições do conhecimento. Esse grupo será responsável por atualizar periodicamente a relação das olimpíadas científicas aceitas pela Universidade e estabelecer critérios objetivos de pontuação para cada premiação. A intenção é garantir uniformidade na avaliação das diferentes competições, considerando seu alcance e relevância acadêmica. Segundo o decano de Ensino de Graduação da UnB, Tiago Coelho, a resolução amplia as possibilidades de acesso à Universidade. “Trata-se de uma iniciativa que amplia a diversidade de talentos em nossa comunidade universitária, fortalece a formação de lideranças e aproxima a Universidade de estudantes que já demonstraram dedicação, disciplina e alto desempenho em suas áreas de atuação.\"" A resolução também estabelece mecanismos para assegurar a regularidade do processo seletivo. Caso sejam constatadas informações falsas ou documentação inválida, assegurados o contraditório e a ampla defesa, o candidato poderá ter a inscrição cancelada durante a seleção. Se a irregularidade for identificada após o ingresso, a matrícula poderá ser anulada, sem prejuízo das demais sanções previstas em lei. Os casos não previstos na resolução serão analisados pelo Decanato de Ensino de Graduação (DEG). A norma entrou em vigor na data de sua publicação. A proposta que instituiu as vagas extraordinárias foi aprovada em maio pela Câmara de Ensino de Graduação (CEG) e pelo Conselho de Ensino, Pesquisa e Extensão (Cepe).."", ""O acesso à graduação por meio das quatro principais modalidades de ingresso primário à UnB vai mudar a partir do próximo ano. A nova política aprovada pelo Conselho de Ensino, Pesquisa e Extensão (Cepe) amplia o Sistema de Seleção Unificada (SiSU) para todos os cursos; concentra no segundo semestre o ingresso pelo Vestibular e pelo Acesso Enem; e oferece vagas pelo Programa de Avaliação Seriada (PAS) para entrada no primeiro semestre. No caso do PAS, a implementação será gradual para preservar os subprogramas já iniciados: em 2027 e 2028, as vagas seguem distribuídas entre os dois semestres, enquanto os ingressos a partir de 2029 passam a ocorrer pela nova regra, no primeiro semestre. De forma mais imediata, o impacto mais evidente será percebido no Vestibular tradicional, cuja próxima prova está prevista para novembro, com resultado em fevereiro de 2027 e ingresso dos aprovados apenas no segundo semestre letivo de 2027. “Essas alterações não mudam o quantitativo anual de vagas, elas reorganizam a oferta entre os semestres e entre os diferentes processos seletivos. O principal objetivo é aumentar a ocupação e ampliar o acesso das pessoas à UnB”, explica o decano de Ensino de Graduação, Tiago Coelho. O gestor acrescenta que a redistribuição evita que processos com públicos muito semelhantes “concorram pelos mesmos candidatos ao mesmo tempo”. Assim, o novo calendário “organiza melhor a oferta e aumenta as possibilidades de que as vagas disponibilizadas sejam efetivamente ocupadas”, completa. APLICAÇÃO POR MODALIDADE – Com a política, o SiSU ganha abrangência e todos os cursos da UnB passarão a ofertar vagas, com ingresso no primeiro semestre válido já em 2027. Os candidatos poderão utilizar a nota do Exame Nacional do Ensino Médio (Enem) para concorrer às oportunidades disponibilizadas pela Universidade no sistema nacional. No caso do Vestibular tradicional, conforme explicado, a alteração afeta a seleção de 2026, cujo edital será lançado nos próximos dias. O ingresso desses aprovados será no segundo semestre do ano que vem. O Acesso Enem continua como forma de ingresso e, pela nova política, terá vagas destinadas ao segundo semestre, agora ao lado do Vestibular. Apesar de utilizar o desempenho obtido na prova nacional do ensino médio, o Acesso Enem é diferente do SiSU, pois é um processo seletivo próprio da UnB."", ""os cursos de Engenharia Aeroespacial, Engenharia Automotiva, Engenharia de Energia e Engenharia Eletrônica passarão a ter ingresso individualizado. No Instituto de Ciências Sociais (ICS), a Licenciatura em Ciências Sociais será desvinculada da ABI. Das 180 vagas previstas, 45 serão destinadas à licenciatura e 135 aos bacharelados a partir de 2027. No Instituto de Letras (IL), os cursos de Licenciatura e de Bacharelado em Língua Francesa também terão ingresso próprio, com 30 e 22 vagas anuais, respectivamente. No caso das licenciaturas, os pareceres registram a possibilidade de participação das licenciaturas no Programa Pé-de-Meia das Licenciaturas como um fator adicional para a adoção do ingresso próprio. EDUCAÇÃO FÍSICA EaD – O Cepe aprovou a extinção da Licenciatura em Educação Física na modalidade de educação a distância (EaD), ofertada pela Faculdade de Educação Física (FEF) no âmbito do Sistema Universidade Aberta do Brasil (UAB). A FEF havia decidido não abrir novas turmas após analisar as condições de continuidade do curso diante do novo marco regulatório da educação a distância. Entre os fatores apontados estão as novas exigências de presencialidade e atividades síncronas, a infraestrutura dos polos, a necessidade de revisão do Projeto Pedagógico do Curso (PPC) e as condições orçamentárias para manter a oferta. O parecer também considera que a modalidade, na área de educação física, exige condições específicas de infraestrutura, acompanhamento pedagógico e financiamento para atividades presenciais. PPC – O Conselho aprovou a reformulação do Projeto Pedagógico do Curso (PPC) de Bacharelado em Engenharia Automotiva, da FCTE, incluindo a inserção curricular da extensão. O novo PPC estabelece carga horária total de 3.930 horas, com 405 horas de extensão, equivalentes a 10,3% da carga horária do curso. A proposta distribui atividades extensionistas em componentes obrigatórios e em atividades integradoras de formação autônoma. HOMOLOGAÇÕES – O Cepe aprovou indicações de representantes para as câmaras de Carreira Docente (CCD), de Ensino de Graduação (CEG) e de Extensão (CEX). O Conselho aprovou ainda, por unanimidade, a indicação da servidora Taíze Carvalho Santos como membro efetiva do Comitê Permanente de Acompanhamento das Políticas de Ação Afirmativa (Copeaa-UnB). Assista à transmissão da 695ª reunião do Cepe: ÓRGÃOS COLEGIADOS ATENÇÃO – As informações, as fotos e os textos podem ser usados e reproduzidos, integral ou parcialmente, desde que a fonte seja devidamente citada e que não haja alteração de sentido em seus conteúdos. Crédito para textos: nome do repórter/Secom UnB ou Secom UnB.""]",0.0,0.3333333333333333,0.9999999999,0.38716157739637136
